,date,actions,transactions
0,2009-08-31,[-1.],[0.]
1,2009-09-01,[-1.],[0.]
2,2009-09-02,[-1.],[0.]
3,2009-09-03,[-1.],[0.]
4,2009-09-04,[-1.],[0.]
5,2009-09-07,[-1.],[0.]
6,2009-09-08,[-1.],[0.]
7,2009-09-09,[-1.],[0.]
8,2009-09-10,[-1.],[0.]
9,2009-09-11,[-1.],[0.]
10,2009-09-14,[-1.],[0.]
11,2009-09-15,[-1.],[0.]
12,2009-09-16,[-1.],[0.]
13,2009-09-17,[-1.],[0.]
14,2009-09-18,[-1.],[0.]
15,2009-09-21,[-1.],[0.]
16,2009-09-22,[-1.],[0.]
17,2009-09-23,[-1.],[0.]
18,2009-09-24,[-1.],[0.]
19,2009-09-25,[-1.],[0.]
20,2009-09-28,[-1.],[0.]
21,2009-09-29,[-1.],[0.]
22,2009-09-30,[-1.],[0.]
23,2009-10-09,[-1.],[0.]
24,2009-10-12,[-1.],[0.]
25,2009-10-13,[-1.],[0.]
26,2009-10-14,[-1.],[0.]
27,2009-10-15,[-1.],[0.]
28,2009-10-16,[-1.],[0.]
29,2009-10-19,[-1.],[0.]
30,2009-10-20,[-1.],[0.]
31,2009-10-21,[-1.],[0.]
32,2009-10-22,[-1.],[0.]
33,2009-10-23,[-1.],[0.]
34,2009-10-26,[-1.],[0.]
35,2009-10-27,[-1.],[0.]
36,2009-10-28,[-1.],[0.]
37,2009-10-29,[-1.],[0.]
38,2009-10-30,[-1.],[0.]
39,2009-11-02,[-1.],[0.]
40,2009-11-03,[-1.],[0.]
41,2009-11-04,[-1.],[0.]
42,2009-11-05,[-1.],[0.]
43,2009-11-06,[-1.],[0.]
44,2009-11-09,[-1.],[0.]
45,2009-11-10,[-1.],[0.]
46,2009-11-11,[-1.],[0.]
47,2009-11-12,[-1.],[0.]
48,2009-11-13,[-1.],[0.]
49,2009-11-16,[-1.],[0.]
50,2009-11-17,[-1.],[0.]
51,2009-11-18,[-1.],[0.]
52,2009-11-19,[0.2098204],[0.]
53,2009-11-20,[-1.],[0.]
54,2009-11-23,[-1.],[0.]
55,2009-11-24,[-1.],[0.]
56,2009-11-25,[-1.],[0.]
57,2009-11-26,[-1.],[0.]
58,2009-11-27,[-1.],[0.]
59,2009-11-30,[-1.],[0.]
60,2009-12-01,[-1.],[0.]
61,2009-12-02,[-1.],[0.]
62,2009-12-03,[-1.],[0.]
63,2009-12-04,[-1.],[0.]
64,2009-12-07,[-1.],[0.]
65,2009-12-08,[-1.],[0.]
66,2009-12-09,[-1.],[0.]
67,2009-12-10,[-1.],[0.]
68,2009-12-11,[-1.],[0.]
69,2009-12-14,[-1.],[0.]
70,2009-12-15,[-1.],[0.]
71,2009-12-16,[-1.],[0.]
72,2009-12-17,[-1.],[0.]
73,2009-12-18,[-1.],[0.]
74,2009-12-21,[-1.],[0.]
75,2009-12-22,[-1.],[0.]
76,2009-12-23,[-1.],[0.]
77,2009-12-24,[-1.],[0.]
78,2009-12-25,[-1.],[0.]
79,2009-12-28,[-1.],[0.]
80,2009-12-29,[-1.],[0.]
81,2009-12-30,[-1.],[0.]
82,2009-12-31,[-1.],[0.]
83,2010-01-04,[-1.],[0.]
84,2010-01-05,[-1.],[0.]
85,2010-01-06,[-1.],[0.]
86,2010-01-07,[-1.],[0.]
87,2010-01-08,[-1.],[0.]
88,2010-01-11,[0.2098204],[0.]
89,2010-01-12,[-1.],[0.]
90,2010-01-13,[-1.],[0.]
91,2010-01-14,[-1.],[0.]
92,2010-01-15,[-1.],[0.]
93,2010-01-18,[-1.],[0.]
94,2010-01-19,[-1.],[0.]
95,2010-01-20,[-1.],[0.]
96,2010-01-21,[-1.],[0.]
97,2010-01-22,[-1.],[0.]
98,2010-01-25,[-1.],[0.]
99,2010-01-26,[-1.],[0.]
100,2010-01-27,[-1.],[0.]
101,2010-01-28,[-1.],[0.]
102,2010-01-29,[-1.],[0.]
103,2010-02-01,[-1.],[0.]
104,2010-02-02,[-1.],[0.]
105,2010-02-03,[-1.],[0.]
106,2010-02-04,[-1.],[0.]
107,2010-02-05,[-1.],[0.]
108,2010-02-08,[-1.],[0.]
109,2010-02-09,[-1.],[0.]
110,2010-02-10,[-1.],[0.]
111,2010-02-11,[-1.],[0.]
112,2010-02-12,[-1.],[0.]
113,2010-02-22,[-1.],[0.]
114,2010-02-23,[-1.],[0.]
115,2010-02-24,[-1.],[0.]
116,2010-02-25,[-1.],[0.]
117,2010-02-26,[-1.],[0.]
118,2010-03-01,[-1.],[0.]
119,2010-03-02,[-1.],[0.]
120,2010-03-03,[-1.],[0.]
121,2010-03-04,[-1.],[0.]
122,2010-03-05,[-1.],[0.]
123,2010-03-08,[-1.],[0.]
124,2010-03-09,[-1.],[0.]
125,2010-03-10,[-1.],[0.]
126,2010-03-11,[-1.],[0.]
127,2010-03-12,[-1.],[0.]
128,2010-03-15,[-1.],[0.]
129,2010-03-16,[-1.],[0.]
130,2010-03-17,[-1.],[0.]
131,2010-03-18,[-1.],[0.]
132,2010-03-19,[-1.],[0.]
133,2010-03-22,[-1.],[0.]
134,2010-03-23,[-1.],[0.]
135,2010-03-24,[-1.],[0.]
136,2010-03-25,[-1.],[0.]
137,2010-03-26,[-1.],[0.]
138,2010-03-29,[-1.],[0.]
139,2010-03-30,[-1.],[0.]
140,2010-03-31,[-1.],[0.]
141,2010-04-01,[-1.],[0.]
142,2010-04-02,[-1.],[0.]
143,2010-04-06,[-1.],[0.]
144,2010-04-07,[-1.],[0.]
145,2010-04-08,[-1.],[0.]
146,2010-04-09,[-1.],[0.]
147,2010-04-12,[-1.],[0.]
148,2010-04-13,[-1.],[0.]
149,2010-04-14,[-1.],[0.]
150,2010-04-15,[-1.],[0.]
151,2010-04-16,[-1.],[0.]
152,2010-04-19,[-1.],[0.]
153,2010-04-20,[-1.],[0.]
154,2010-04-21,[-1.],[0.]
155,2010-04-22,[-1.],[0.]
156,2010-04-23,[-1.],[0.]
157,2010-04-26,[-1.],[0.]
158,2010-04-27,[-1.],[0.]
159,2010-04-28,[-1.],[0.]
160,2010-04-29,[-1.],[0.]
161,2010-04-30,[-1.],[0.]
162,2010-05-04,[-1.],[0.]
163,2010-05-05,[-1.],[0.]
164,2010-05-06,[-1.],[0.]
165,2010-05-07,[-1.],[0.]
166,2010-05-10,[-1.],[0.]
167,2010-05-11,[-1.],[0.]
168,2010-05-12,[-1.],[0.]
169,2010-05-13,[-1.],[0.]
170,2010-05-14,[-1.],[0.]
171,2010-05-17,[0.2098204],[0.]
172,2010-05-18,[-1.],[0.]
173,2010-05-19,[-1.],[0.]
174,2010-05-20,[-1.],[0.]
175,2010-05-21,[-1.],[0.]
176,2010-05-24,[-1.],[0.]
177,2010-05-25,[-1.],[0.]
178,2010-05-26,[-1.],[0.]
179,2010-05-27,[-1.],[0.]
180,2010-05-28,[-1.],[0.]
181,2010-05-31,[-1.],[0.]
182,2010-06-01,[-1.],[0.]
183,2010-06-02,[-1.],[0.]
184,2010-06-03,[-1.],[0.]
185,2010-06-04,[-1.],[0.]
186,2010-06-07,[-1.],[0.]
187,2010-06-08,[-1.],[0.]
188,2010-06-09,[-1.],[0.]
189,2010-06-10,[0.2098204],[0.]
190,2010-06-11,[-1.],[0.]
191,2010-06-17,[-1.],[0.]
192,2010-06-18,[-1.],[0.]
193,2010-06-21,[-1.],[0.]
194,2010-06-22,[-1.],[0.]
195,2010-06-23,[-1.],[0.]
196,2010-06-24,[-1.],[0.]
197,2010-06-25,[-1.],[0.]
198,2010-06-28,[-1.],[0.]
199,2010-06-29,[-1.],[0.]
200,2010-06-30,[-1.],[0.]
201,2010-07-01,[-1.],[0.]
202,2010-07-02,[-1.],[0.]
203,2010-07-05,[-1.],[0.]
204,2010-07-06,[-1.],[0.]
205,2010-07-07,[-1.],[0.]
206,2010-07-08,[-1.],[0.]
207,2010-07-09,[-1.],[0.]
208,2010-07-12,[-1.],[0.]
209,2010-07-13,[-1.],[0.]
210,2010-07-14,[-1.],[0.]
211,2010-07-15,[-1.],[0.]
212,2010-07-16,[-1.],[0.]
213,2010-07-19,[-1.],[0.]
214,2010-07-20,[-1.],[0.]
215,2010-07-21,[-1.],[0.]
216,2010-07-22,[-1.],[0.]
217,2010-07-23,[-1.],[0.]
218,2010-07-26,[-1.],[0.]
219,2010-07-27,[-1.],[0.]
220,2010-07-28,[-1.],[0.]
221,2010-07-29,[-1.],[0.]
222,2010-07-30,[-1.],[0.]
223,2010-08-02,[-1.],[0.]
224,2010-08-03,[-1.],[0.]
225,2010-08-04,[-1.],[0.]
226,2010-08-05,[-1.],[0.]
227,2010-08-06,[-1.],[0.]
228,2010-08-09,[-1.],[0.]
229,2010-08-10,[-1.],[0.]
230,2010-08-11,[-1.],[0.]
231,2010-08-12,[-1.],[0.]
232,2010-08-13,[-1.],[0.]
233,2010-08-16,[-1.],[0.]
234,2010-08-17,[-1.],[0.]
235,2010-08-18,[0.2098204],[0.]
236,2010-08-19,[-1.],[0.]
237,2010-08-20,[-1.],[0.]
238,2010-08-23,[-1.],[0.]
239,2010-08-24,[-1.],[0.]
240,2010-08-25,[-1.],[0.]
241,2010-08-26,[-1.],[0.]
242,2010-08-27,[-1.],[0.]
243,2010-08-30,[-1.],[0.]
244,2010-08-31,[-1.],[0.]
245,2010-09-01,[-1.],[0.]
246,2010-09-02,[-1.],[0.]
247,2010-09-03,[-1.],[0.]
248,2010-09-06,[-1.],[0.]
249,2010-09-07,[-1.],[0.]
250,2010-09-08,[-1.],[0.]
251,2010-09-09,[-1.],[0.]
252,2010-09-10,[-1.],[0.]
253,2010-09-13,[-1.],[0.]
254,2010-09-14,[-1.],[0.]
255,2010-09-15,[-1.],[0.]
256,2010-09-16,[-1.],[0.]
257,2010-09-17,[-1.],[0.]
258,2010-09-20,[-1.],[0.]
259,2010-09-21,[-1.],[0.]
260,2010-09-27,[-1.],[0.]
261,2010-09-28,[-1.],[0.]
262,2010-09-29,[-1.],[0.]
263,2010-09-30,[-1.],[0.]
264,2010-10-08,[-1.],[0.]
265,2010-10-11,[-1.],[0.]
266,2010-10-12,[-1.],[0.]
267,2010-10-13,[-1.],[0.]
268,2010-10-14,[-1.],[0.]
269,2010-10-15,[-1.],[0.]
270,2010-10-18,[-1.],[0.]
271,2010-10-19,[-1.],[0.]
272,2010-10-20,[-1.],[0.]
273,2010-10-21,[-1.],[0.]
274,2010-10-22,[-1.],[0.]
275,2010-10-25,[-1.],[0.]
276,2010-10-26,[-1.],[0.]
277,2010-10-27,[-1.],[0.]
278,2010-10-28,[-1.],[0.]
279,2010-10-29,[-1.],[0.]
280,2010-11-01,[-1.],[0.]
281,2010-11-02,[-1.],[0.]
282,2010-11-03,[-1.],[0.]
283,2010-11-04,[-1.],[0.]
284,2010-11-05,[-1.],[0.]
285,2010-11-08,[-1.],[0.]
286,2010-11-09,[-1.],[0.]
287,2010-11-10,[-1.],[0.]
288,2010-11-11,[-1.],[0.]
289,2010-11-12,[-1.],[0.]
290,2010-11-15,[-1.],[0.]
291,2010-11-16,[-1.],[0.]
292,2010-11-17,[-1.],[0.]
293,2010-11-18,[-1.],[0.]
294,2010-11-19,[-1.],[0.]
295,2010-11-22,[-1.],[0.]
296,2010-11-23,[-1.],[0.]
297,2010-11-24,[-1.],[0.]
298,2010-11-25,[-1.],[0.]
299,2010-11-26,[-1.],[0.]
300,2010-11-29,[-1.],[0.]
301,2010-11-30,[-1.],[0.]
302,2010-12-01,[-1.],[0.]
303,2010-12-02,[-1.],[0.]
304,2010-12-03,[-1.],[0.]
305,2010-12-06,[-1.],[0.]
306,2010-12-07,[-1.],[0.]
307,2010-12-08,[-1.],[0.]
308,2010-12-09,[-1.],[0.]
309,2010-12-10,[-1.],[0.]
310,2010-12-13,[-1.],[0.]
311,2010-12-14,[-1.],[0.]
312,2010-12-15,[-1.],[0.]
313,2010-12-16,[-1.],[0.]
314,2010-12-17,[-1.],[0.]
315,2010-12-20,[-1.],[0.]
316,2010-12-21,[-1.],[0.]
317,2010-12-22,[-1.],[0.]
318,2010-12-23,[-1.],[0.]
319,2010-12-24,[-1.],[0.]
320,2010-12-27,[-1.],[0.]
321,2010-12-28,[-1.],[0.]
322,2010-12-29,[-1.],[0.]
323,2010-12-30,[-1.],[0.]
324,2010-12-31,[-1.],[0.]
325,2011-01-04,[-1.],[0.]
326,2011-01-05,[-1.],[0.]
327,2011-01-06,[-1.],[0.]
328,2011-01-07,[-1.],[0.]
329,2011-01-10,[-1.],[0.]
330,2011-01-11,[-1.],[0.]
331,2011-01-12,[-1.],[0.]
332,2011-01-13,[-1.],[0.]
333,2011-01-14,[-1.],[0.]
334,2011-01-17,[-1.],[0.]
335,2011-01-18,[-1.],[0.]
336,2011-01-19,[-1.],[0.]
337,2011-01-20,[-1.],[0.]
338,2011-01-21,[-1.],[0.]
339,2011-01-24,[-1.],[0.]
340,2011-01-25,[-1.],[0.]
341,2011-01-26,[-1.],[0.]
342,2011-01-27,[-1.],[0.]
343,2011-01-28,[-1.],[0.]
344,2011-01-31,[-1.],[0.]
345,2011-02-01,[-1.],[0.]
346,2011-02-09,[-1.],[0.]
347,2011-02-10,[-1.],[0.]
348,2011-02-11,[-1.],[0.]
349,2011-02-14,[-1.],[0.]
350,2011-02-15,[-1.],[0.]
351,2011-02-16,[-1.],[0.]
352,2011-02-17,[-1.],[0.]
353,2011-02-18,[-1.],[0.]
354,2011-02-21,[-1.],[0.]
355,2011-02-22,[-1.],[0.]
356,2011-02-23,[-1.],[0.]
357,2011-02-24,[-1.],[0.]
358,2011-02-25,[-1.],[0.]
359,2011-02-28,[-1.],[0.]
360,2011-03-01,[-1.],[0.]
361,2011-03-02,[-1.],[0.]
362,2011-03-03,[-1.],[0.]
363,2011-03-04,[-1.],[0.]
364,2011-03-07,[-1.],[0.]
365,2011-03-08,[-1.],[0.]
366,2011-03-09,[-1.],[0.]
367,2011-03-10,[-1.],[0.]
368,2011-03-11,[-1.],[0.]
369,2011-03-14,[-1.],[0.]
370,2011-03-15,[-1.],[0.]
371,2011-03-16,[-1.],[0.]
372,2011-03-17,[0.2098204],[0.]
373,2011-03-18,[-1.],[0.]
374,2011-03-21,[-1.],[0.]
375,2011-03-22,[-1.],[0.]
376,2011-03-23,[-1.],[0.]
377,2011-03-24,[-1.],[0.]
378,2011-03-25,[-1.],[0.]
379,2011-03-28,[-1.],[0.]
380,2011-03-29,[-1.],[0.]
381,2011-03-30,[-1.],[0.]
382,2011-03-31,[-1.],[0.]
383,2011-04-01,[-1.],[0.]
384,2011-04-06,[-1.],[0.]
385,2011-04-07,[-1.],[0.]
386,2011-04-08,[-1.],[0.]
387,2011-04-11,[-1.],[0.]
388,2011-04-12,[-1.],[0.]
389,2011-04-13,[-1.],[0.]
390,2011-04-14,[-1.],[0.]
391,2011-04-15,[-1.],[0.]
392,2011-04-18,[-1.],[0.]
393,2011-04-19,[-1.],[0.]
394,2011-04-20,[-1.],[0.]
395,2011-04-21,[-1.],[0.]
396,2011-04-22,[-1.],[0.]
397,2011-04-25,[-1.],[0.]
398,2011-04-26,[-1.],[0.]
399,2011-04-27,[-1.],[0.]
400,2011-04-28,[-1.],[0.]
401,2011-04-29,[-1.],[0.]
402,2011-05-03,[-1.],[0.]
403,2011-05-04,[-1.],[0.]
404,2011-05-05,[-1.],[0.]
405,2011-05-06,[-1.],[0.]
406,2011-05-09,[-1.],[0.]
407,2011-05-10,[-1.],[0.]
408,2011-05-11,[-1.],[0.]
409,2011-05-12,[-1.],[0.]
410,2011-05-13,[-1.],[0.]
411,2011-05-16,[-1.],[0.]
412,2011-05-17,[-1.],[0.]
413,2011-05-18,[-1.],[0.]
414,2011-05-19,[-1.],[0.]
415,2011-05-20,[-1.],[0.]
416,2011-05-23,[-1.],[0.]
417,2011-05-24,[-1.],[0.]
418,2011-05-25,[-1.],[0.]
419,2011-05-26,[-1.],[0.]
420,2011-05-27,[-1.],[0.]
421,2011-05-30,[-1.],[0.]
422,2011-05-31,[-1.],[0.]
423,2011-06-01,[-1.],[0.]
424,2011-06-02,[-1.],[0.]
425,2011-06-03,[-1.],[0.]
426,2011-06-07,[-1.],[0.]
427,2011-06-08,[-1.],[0.]
428,2011-06-09,[0.2098204],[0.]
429,2011-06-10,[-1.],[0.]
430,2011-06-13,[-1.],[0.]
431,2011-06-14,[-1.],[0.]
432,2011-06-15,[-1.],[0.]
433,2011-06-16,[-1.],[0.]
434,2011-06-17,[-1.],[0.]
435,2011-06-20,[-1.],[0.]
436,2011-06-21,[-1.],[0.]
437,2011-06-22,[-1.],[0.]
438,2011-06-23,[-1.],[0.]
439,2011-06-24,[-1.],[0.]
440,2011-06-27,[-1.],[0.]
441,2011-06-28,[-1.],[0.]
442,2011-06-29,[-1.],[0.]
443,2011-06-30,[-1.],[0.]
444,2011-07-01,[-1.],[0.]
445,2011-07-04,[-1.],[0.]
446,2011-07-05,[-1.],[0.]
447,2011-07-06,[-1.],[0.]
448,2011-07-07,[-1.],[0.]
449,2011-07-08,[-1.],[0.]
450,2011-07-11,[-1.],[0.]
451,2011-07-12,[-1.],[0.]
452,2011-07-13,[-1.],[0.]
453,2011-07-14,[-1.],[0.]
454,2011-07-15,[-1.],[0.]
455,2011-07-18,[-1.],[0.]
456,2011-07-19,[-1.],[0.]
457,2011-07-20,[-1.],[0.]
458,2011-07-21,[-1.],[0.]
459,2011-07-22,[-1.],[0.]
460,2011-07-25,[-1.],[0.]
461,2011-07-26,[-1.],[0.]
462,2011-07-27,[-1.],[0.]
463,2011-07-28,[-1.],[0.]
464,2011-07-29,[-1.],[0.]
465,2011-08-01,[-1.],[0.]
466,2011-08-02,[-0.9787585],[0.]
467,2011-08-03,[-1.],[0.]
468,2011-08-04,[-0.9787585],[0.]
469,2011-08-05,[-1.],[0.]
470,2011-08-08,[-1.],[0.]
471,2011-08-09,[-1.],[0.]
472,2011-08-10,[-1.],[0.]
473,2011-08-11,[-1.],[0.]
474,2011-08-12,[-1.],[0.]
475,2011-08-15,[-1.],[0.]
476,2011-08-16,[-1.],[0.]
477,2011-08-17,[-1.],[0.]
478,2011-08-18,[-1.],[0.]
479,2011-08-19,[-1.],[0.]
480,2011-08-22,[-1.],[0.]
481,2011-08-23,[-1.],[0.]
482,2011-08-24,[-0.9787585],[0.]
483,2011-08-25,[-1.],[0.]
484,2011-08-26,[-1.],[0.]
485,2011-08-29,[-1.],[0.]
486,2011-08-30,[-1.],[0.]
487,2011-08-31,[-1.],[0.]
488,2011-09-01,[-1.],[0.]
489,2011-09-02,[-1.],[0.]
490,2011-09-05,[-1.],[0.]
491,2011-09-06,[-1.],[0.]
492,2011-09-07,[-1.],[0.]
493,2011-09-08,[-1.],[0.]
494,2011-09-09,[-1.],[0.]
495,2011-09-13,[-1.],[0.]
496,2011-09-14,[-1.],[0.]
497,2011-09-15,[-1.],[0.]
498,2011-09-16,[0.2098204],[0.]
499,2011-09-19,[-1.],[0.]
500,2011-09-20,[-1.],[0.]
501,2011-09-21,[-1.],[0.]
502,2011-09-22,[-1.],[0.]
503,2011-09-23,[-1.],[0.]
504,2011-09-26,[-1.],[0.]
505,2011-09-27,[-1.],[0.]
506,2011-09-28,[-1.],[0.]
507,2011-09-29,[-1.],[0.]
508,2011-09-30,[-1.],[0.]
509,2011-10-10,[-0.6939839],[0.]
510,2011-10-11,[-1.],[0.]
511,2011-10-12,[-1.],[0.]
512,2011-10-13,[-1.],[0.]
513,2011-10-14,[-1.],[0.]
514,2011-10-17,[-0.9787585],[0.]
515,2011-10-18,[-1.],[0.]
516,2011-10-19,[-1.],[0.]
517,2011-10-20,[-1.],[0.]
518,2011-10-21,[-1.],[0.]
519,2011-10-24,[-0.6939839],[0.]
520,2011-10-25,[-1.],[0.]
521,2011-10-26,[-1.],[0.]
522,2011-10-27,[-1.],[0.]
523,2011-10-28,[-1.],[0.]
524,2011-10-31,[-1.],[0.]
525,2011-11-01,[-1.],[0.]
526,2011-11-02,[-1.],[0.]
527,2011-11-03,[-1.],[0.]
528,2011-11-04,[-1.],[0.]
529,2011-11-07,[-1.],[0.]
530,2011-11-08,[-1.],[0.]
531,2011-11-09,[-1.],[0.]
532,2011-11-10,[-1.],[0.]
533,2011-11-11,[-1.],[0.]
534,2011-11-14,[-1.],[0.]
535,2011-11-15,[-1.],[0.]
536,2011-11-16,[-1.],[0.]
537,2011-11-17,[-1.],[0.]
538,2011-11-18,[-1.],[0.]
539,2011-11-21,[-1.],[0.]
540,2011-11-22,[-0.6939839],[0.]
541,2011-11-23,[-1.],[0.]
542,2011-11-24,[-0.9787585],[0.]
543,2011-11-25,[-1.],[0.]
544,2011-11-28,[-0.6939839],[0.]
545,2011-11-29,[-1.],[0.]
546,2011-11-30,[-1.],[0.]
547,2011-12-01,[-1.],[0.]
548,2011-12-02,[-1.],[0.]
549,2011-12-05,[-1.],[0.]
550,2011-12-06,[-1.],[0.]
551,2011-12-07,[-1.],[0.]
552,2011-12-08,[-1.],[0.]
553,2011-12-09,[-1.],[0.]
554,2011-12-12,[-0.6939839],[0.]
555,2011-12-13,[-0.6939839],[0.]
556,2011-12-14,[-1.],[0.]
557,2011-12-15,[-0.6939839],[0.]
558,2011-12-16,[-1.],[0.]
559,2011-12-19,[-1.],[0.]
560,2011-12-20,[-1.],[0.]
561,2011-12-21,[0.2098204],[0.]
562,2011-12-22,[-1.],[0.]
563,2011-12-23,[-1.],[0.]
564,2011-12-26,[-1.],[0.]
565,2011-12-27,[-0.6939839],[0.]
566,2011-12-28,[-0.9787585],[0.]
567,2011-12-29,[-0.6939839],[0.]
568,2011-12-30,[-0.6939839],[0.]
569,2012-01-04,[-0.6939839],[0.]
570,2012-01-05,[-0.6939839],[0.]
571,2012-01-06,[-0.9787585],[0.]
572,2012-01-09,[-1.],[0.]
573,2012-01-10,[-1.],[0.]
574,2012-01-11,[-1.],[0.]
575,2012-01-12,[-1.],[0.]
576,2012-01-13,[-1.],[0.]
577,2012-01-16,[-1.],[0.]
578,2012-01-17,[-0.6939839],[0.]
579,2012-01-18,[-1.],[0.]
580,2012-01-19,[-1.],[0.]
581,2012-01-20,[-1.],[0.]
582,2012-01-30,[-1.],[0.]
583,2012-01-31,[-1.],[0.]
584,2012-02-01,[0.2098204],[0.]
585,2012-02-02,[-1.],[0.]
586,2012-02-03,[-1.],[0.]
587,2012-02-06,[-1.],[0.]
588,2012-02-07,[-1.],[0.]
589,2012-02-08,[-1.],[0.]
590,2012-02-09,[-1.],[0.]
591,2012-02-10,[-1.],[0.]
592,2012-02-13,[-1.],[0.]
593,2012-02-14,[-1.],[0.]
594,2012-02-15,[-1.],[0.]
595,2012-02-16,[-1.],[0.]
596,2012-02-17,[-1.],[0.]
597,2012-02-20,[-1.],[0.]
598,2012-02-21,[-1.],[0.]
599,2012-02-22,[-1.],[0.]
600,2012-02-23,[-1.],[0.]
601,2012-02-24,[-1.],[0.]
602,2012-02-27,[-1.],[0.]
603,2012-02-28,[-1.],[0.]
604,2012-02-29,[-1.],[0.]
605,2012-03-01,[-1.],[0.]
606,2012-03-02,[-1.],[0.]
607,2012-03-05,[-1.],[0.]
608,2012-03-06,[-1.],[0.]
609,2012-03-07,[-1.],[0.]
610,2012-03-08,[-1.],[0.]
611,2012-03-09,[-1.],[0.]
612,2012-03-12,[-1.],[0.]
613,2012-03-13,[-1.],[0.]
614,2012-03-14,[0.2098204],[0.]
615,2012-03-15,[-1.],[0.]
616,2012-03-16,[-1.],[0.]
617,2012-03-19,[-1.],[0.]
618,2012-03-20,[-1.],[0.]
619,2012-03-21,[-1.],[0.]
620,2012-03-22,[-1.],[0.]
621,2012-03-23,[-1.],[0.]
622,2012-03-26,[-1.],[0.]
623,2012-03-27,[-1.],[0.]
624,2012-03-28,[-1.],[0.]
625,2012-03-29,[-1.],[0.]
626,2012-03-30,[-1.],[0.]
627,2012-04-05,[-1.],[0.]
628,2012-04-06,[-1.],[0.]
629,2012-04-09,[-1.],[0.]
630,2012-04-10,[-1.],[0.]
631,2012-04-11,[-1.],[0.]
632,2012-04-12,[-1.],[0.]
633,2012-04-13,[-1.],[0.]
634,2012-04-16,[-1.],[0.]
635,2012-04-17,[-1.],[0.]
636,2012-04-18,[0.2098204],[0.]
637,2012-04-19,[-1.],[0.]
638,2012-04-20,[-1.],[0.]
639,2012-04-23,[-1.],[0.]
640,2012-04-24,[-1.],[0.]
641,2012-04-25,[-1.],[0.]
642,2012-04-26,[-1.],[0.]
643,2012-04-27,[-1.],[0.]
644,2012-05-02,[-1.],[0.]
645,2012-05-03,[-1.],[0.]
646,2012-05-04,[-1.],[0.]
647,2012-05-07,[-1.],[0.]
648,2012-05-08,[-1.],[0.]
649,2012-05-09,[-1.],[0.]
650,2012-05-10,[-1.],[0.]
651,2012-05-11,[-1.],[0.]
652,2012-05-14,[-1.],[0.]
653,2012-05-15,[-1.],[0.]
654,2012-05-16,[-1.],[0.]
655,2012-05-17,[-1.],[0.]
656,2012-05-18,[-1.],[0.]
657,2012-05-21,[-1.],[0.]
658,2012-05-22,[-1.],[0.]
659,2012-05-23,[-1.],[0.]
660,2012-05-24,[-1.],[0.]
661,2012-05-25,[-1.],[0.]
662,2012-05-28,[-1.],[0.]
663,2012-05-29,[-1.],[0.]
664,2012-05-30,[-1.],[0.]
665,2012-05-31,[-1.],[0.]
666,2012-06-01,[-1.],[0.]
667,2012-06-04,[-1.],[0.]
668,2012-06-05,[-1.],[0.]
669,2012-06-06,[-1.],[0.]
670,2012-06-07,[-1.],[0.]
671,2012-06-08,[-1.],[0.]
672,2012-06-11,[-1.],[0.]
673,2012-06-12,[-1.],[0.]
674,2012-06-13,[-1.],[0.]
675,2012-06-14,[-1.],[0.]
676,2012-06-15,[-1.],[0.]
677,2012-06-18,[-1.],[0.]
678,2012-06-19,[-1.],[0.]
679,2012-06-20,[-1.],[0.]
680,2012-06-21,[-1.],[0.]
681,2012-06-25,[-1.],[0.]
682,2012-06-26,[-1.],[0.]
683,2012-06-27,[-1.],[0.]
684,2012-06-28,[-1.],[0.]
685,2012-06-29,[-1.],[0.]
686,2012-07-02,[-1.],[0.]
687,2012-07-03,[-1.],[0.]
688,2012-07-04,[-1.],[0.]
689,2012-07-05,[-1.],[0.]
690,2012-07-06,[-1.],[0.]
691,2012-07-09,[-1.],[0.]
692,2012-07-10,[-1.],[0.]
693,2012-07-11,[-1.],[0.]
694,2012-07-12,[-1.],[0.]
695,2012-07-13,[-1.],[0.]
696,2012-07-16,[-1.],[0.]
697,2012-07-17,[-1.],[0.]
698,2012-07-18,[-1.],[0.]
699,2012-07-19,[-1.],[0.]
700,2012-07-20,[-1.],[0.]
701,2012-07-23,[-1.],[0.]
702,2012-07-24,[-1.],[0.]
703,2012-07-25,[-1.],[0.]
704,2012-07-26,[-1.],[0.]
705,2012-07-27,[-1.],[0.]
706,2012-07-30,[-1.],[0.]
707,2012-07-31,[-1.],[0.]
708,2012-08-01,[-1.],[0.]
709,2012-08-02,[-1.],[0.]
710,2012-08-03,[-1.],[0.]
711,2012-08-06,[-1.],[0.]
712,2012-08-07,[-1.],[0.]
713,2012-08-08,[-1.],[0.]
714,2012-08-09,[-1.],[0.]
715,2012-08-10,[-1.],[0.]
716,2012-08-13,[-1.],[0.]
717,2012-08-14,[-1.],[0.]
718,2012-08-15,[-1.],[0.]
719,2012-08-16,[-1.],[0.]
720,2012-08-17,[-1.],[0.]
721,2012-08-20,[-1.],[0.]
722,2012-08-21,[-1.],[0.]
723,2012-08-22,[-1.],[0.]
724,2012-08-23,[-1.],[0.]
725,2012-08-24,[-1.],[0.]
726,2012-08-27,[-1.],[0.]
727,2012-08-28,[-1.],[0.]
728,2012-08-29,[-1.],[0.]
729,2012-08-30,[-1.],[0.]
730,2012-08-31,[-1.],[0.]
731,2012-09-03,[-1.],[0.]
732,2012-09-04,[-1.],[0.]
733,2012-09-05,[-1.],[0.]
734,2012-09-06,[-1.],[0.]
735,2012-09-07,[-1.],[0.]
736,2012-09-10,[-1.],[0.]
737,2012-09-11,[-1.],[0.]
738,2012-09-12,[-1.],[0.]
739,2012-09-13,[-1.],[0.]
740,2012-09-14,[-1.],[0.]
741,2012-09-17,[-1.],[0.]
742,2012-09-18,[-1.],[0.]
743,2012-09-19,[-1.],[0.]
744,2012-09-20,[-1.],[0.]
745,2012-09-21,[-1.],[0.]
746,2012-09-24,[-1.],[0.]
747,2012-09-25,[-0.9787585],[0.]
748,2012-09-26,[-1.],[0.]
749,2012-09-27,[-0.9787585],[0.]
750,2012-09-28,[-1.],[0.]
751,2012-10-08,[-1.],[0.]
752,2012-10-09,[-1.],[0.]
753,2012-10-10,[-1.],[0.]
754,2012-10-11,[-1.],[0.]
755,2012-10-12,[-1.],[0.]
756,2012-10-15,[-1.],[0.]
757,2012-10-16,[-1.],[0.]
758,2012-10-17,[-1.],[0.]
759,2012-10-18,[-1.],[0.]
760,2012-10-19,[-1.],[0.]
761,2012-10-22,[-1.],[0.]
762,2012-10-23,[-1.],[0.]
763,2012-10-24,[-1.],[0.]
764,2012-10-25,[-1.],[0.]
765,2012-10-26,[-1.],[0.]
766,2012-10-29,[-1.],[0.]
767,2012-10-30,[-1.],[0.]
768,2012-10-31,[-1.],[0.]
769,2012-11-01,[-1.],[0.]
770,2012-11-02,[-1.],[0.]
771,2012-11-05,[-1.],[0.]
772,2012-11-06,[-1.],[0.]
773,2012-11-07,[-1.],[0.]
774,2012-11-08,[-1.],[0.]
775,2012-11-09,[-1.],[0.]
776,2012-11-12,[-1.],[0.]
777,2012-11-13,[-0.9787585],[0.]
778,2012-11-14,[-1.],[0.]
779,2012-11-15,[-0.6939839],[0.]
780,2012-11-16,[-0.9787585],[0.]
781,2012-11-19,[-1.],[0.]
782,2012-11-20,[-1.],[0.]
783,2012-11-21,[-1.],[0.]
784,2012-11-22,[-0.6939839],[0.]
785,2012-11-23,[-0.6939839],[0.]
786,2012-11-26,[-1.],[0.]
787,2012-11-27,[-1.],[0.]
788,2012-11-28,[-1.],[0.]
789,2012-11-29,[-1.],[0.]
790,2012-11-30,[-1.],[0.]
791,2012-12-03,[-1.],[0.]
792,2012-12-04,[-1.],[0.]
793,2012-12-05,[-1.],[0.]
794,2012-12-06,[-1.],[0.]
795,2012-12-07,[-1.],[0.]
796,2012-12-10,[-1.],[0.]
797,2012-12-11,[-1.],[0.]
798,2012-12-12,[-1.],[0.]
799,2012-12-13,[-0.6939839],[0.]
800,2012-12-14,[-1.],[0.]
801,2012-12-17,[-1.],[0.]
802,2012-12-18,[-1.],[0.]
803,2012-12-19,[-1.],[0.]
804,2012-12-20,[-1.],[0.]
805,2012-12-21,[-1.],[0.]
806,2012-12-24,[-1.],[0.]
807,2012-12-25,[-1.],[0.]
808,2012-12-26,[-1.],[0.]
809,2012-12-27,[-1.],[0.]
810,2012-12-28,[-1.],[0.]
811,2012-12-31,[-1.],[0.]
812,2013-01-04,[-1.],[0.]
813,2013-01-07,[-1.],[0.]
814,2013-01-08,[-1.],[0.]
815,2013-01-09,[-1.],[0.]
816,2013-01-10,[-1.],[0.]
817,2013-01-11,[-1.],[0.]
818,2013-01-14,[-1.],[0.]
819,2013-01-15,[-1.],[0.]
820,2013-01-16,[-1.],[0.]
821,2013-01-17,[-1.],[0.]
822,2013-01-18,[-1.],[0.]
823,2013-01-21,[-1.],[0.]
824,2013-01-22,[-1.],[0.]
825,2013-01-23,[-1.],[0.]
826,2013-01-24,[-1.],[0.]
827,2013-01-25,[-1.],[0.]
828,2013-01-28,[-1.],[0.]
829,2013-01-29,[-1.],[0.]
830,2013-01-30,[-1.],[0.]
831,2013-01-31,[-1.],[0.]
832,2013-02-01,[-1.],[0.]
833,2013-02-04,[-1.],[0.]
834,2013-02-05,[-1.],[0.]
835,2013-02-06,[-1.],[0.]
836,2013-02-07,[-1.],[0.]
837,2013-02-08,[-1.],[0.]
838,2013-02-18,[-1.],[0.]
839,2013-02-19,[-1.],[0.]
840,2013-02-20,[-1.],[0.]
841,2013-02-21,[-1.],[0.]
842,2013-02-22,[-1.],[0.]
843,2013-02-25,[-1.],[0.]
844,2013-02-26,[-1.],[0.]
845,2013-02-27,[-1.],[0.]
846,2013-02-28,[-1.],[0.]
847,2013-03-01,[-1.],[0.]
848,2013-03-04,[-1.],[0.]
849,2013-03-05,[-1.],[0.]
850,2013-03-06,[-1.],[0.]
851,2013-03-07,[-1.],[0.]
852,2013-03-08,[-1.],[0.]
853,2013-03-11,[-1.],[0.]
854,2013-03-12,[-1.],[0.]
855,2013-03-13,[-1.],[0.]
856,2013-03-14,[-1.],[0.]
857,2013-03-15,[-1.],[0.]
858,2013-03-18,[-1.],[0.]
859,2013-03-19,[-1.],[0.]
860,2013-03-20,[-1.],[0.]
861,2013-03-21,[-1.],[0.]
862,2013-03-22,[-1.],[0.]
863,2013-03-25,[-1.],[0.]
864,2013-03-26,[-1.],[0.]
865,2013-03-27,[-1.],[0.]
866,2013-03-28,[-1.],[0.]
867,2013-03-29,[-1.],[0.]
868,2013-04-01,[-1.],[0.]
869,2013-04-02,[-1.],[0.]
870,2013-04-03,[-1.],[0.]
871,2013-04-08,[-1.],[0.]
872,2013-04-09,[-1.],[0.]
873,2013-04-10,[-1.],[0.]
874,2013-04-11,[-1.],[0.]
875,2013-04-12,[-1.],[0.]
876,2013-04-15,[-1.],[0.]
877,2013-04-16,[-1.],[0.]
878,2013-04-17,[-1.],[0.]
879,2013-04-18,[-1.],[0.]
880,2013-04-19,[-1.],[0.]
881,2013-04-22,[-1.],[0.]
882,2013-04-23,[-1.],[0.]
883,2013-04-24,[-1.],[0.]
884,2013-04-25,[-1.],[0.]
885,2013-04-26,[-1.],[0.]
886,2013-05-02,[-1.],[0.]
887,2013-05-03,[-1.],[0.]
888,2013-05-06,[-1.],[0.]
889,2013-05-07,[-1.],[0.]
890,2013-05-08,[-1.],[0.]
891,2013-05-09,[-1.],[0.]
892,2013-05-10,[-1.],[0.]
893,2013-05-13,[-1.],[0.]
894,2013-05-14,[-1.],[0.]
895,2013-05-15,[-1.],[0.]
896,2013-05-16,[-1.],[0.]
897,2013-05-17,[-1.],[0.]
898,2013-05-20,[-1.],[0.]
899,2013-05-21,[-1.],[0.]
900,2013-05-22,[-1.],[0.]
901,2013-05-23,[-1.],[0.]
902,2013-05-24,[-1.],[0.]
903,2013-05-27,[-1.],[0.]
904,2013-05-28,[-1.],[0.]
905,2013-05-29,[-1.],[0.]
906,2013-05-30,[-1.],[0.]
907,2013-05-31,[-1.],[0.]
908,2013-06-03,[-1.],[0.]
909,2013-06-04,[-1.],[0.]
910,2013-06-05,[-1.],[0.]
911,2013-06-06,[-1.],[0.]
912,2013-06-07,[-1.],[0.]
913,2013-06-13,[-1.],[0.]
914,2013-06-14,[-1.],[0.]
915,2013-06-17,[-1.],[0.]
916,2013-06-18,[-1.],[0.]
917,2013-06-19,[-1.],[0.]
918,2013-06-20,[-1.],[0.]
919,2013-06-21,[-1.],[0.]
920,2013-06-24,[-1.],[0.]
921,2013-06-25,[-1.],[0.]
922,2013-06-26,[-1.],[0.]
923,2013-06-27,[-1.],[0.]
924,2013-06-28,[-1.],[0.]
925,2013-07-01,[-1.],[0.]
926,2013-07-02,[-1.],[0.]
927,2013-07-03,[-1.],[0.]
928,2013-07-04,[-1.],[0.]
929,2013-07-05,[-1.],[0.]
930,2013-07-08,[-1.],[0.]
931,2013-07-09,[-1.],[0.]
932,2013-07-10,[-1.],[0.]
933,2013-07-11,[-1.],[0.]
934,2013-07-12,[-1.],[0.]
935,2013-07-15,[-1.],[0.]
936,2013-07-16,[-1.],[0.]
937,2013-07-17,[-1.],[0.]
938,2013-07-18,[-1.],[0.]
939,2013-07-19,[-1.],[0.]
940,2013-07-22,[-1.],[0.]
941,2013-07-23,[-1.],[0.]
942,2013-07-24,[-1.],[0.]
943,2013-07-25,[-1.],[0.]
944,2013-07-26,[-1.],[0.]
945,2013-07-29,[-1.],[0.]
946,2013-07-30,[-1.],[0.]
947,2013-07-31,[-1.],[0.]
948,2013-08-01,[-1.],[0.]
949,2013-08-02,[-1.],[0.]
950,2013-08-05,[-1.],[0.]
951,2013-08-06,[-1.],[0.]
952,2013-08-07,[-1.],[0.]
953,2013-08-08,[-1.],[0.]
954,2013-08-09,[-1.],[0.]
955,2013-08-12,[-1.],[0.]
956,2013-08-13,[-1.],[0.]
957,2013-08-14,[-1.],[0.]
958,2013-08-15,[-1.],[0.]
959,2013-08-16,[-1.],[0.]
960,2013-08-19,[-1.],[0.]
961,2013-08-20,[-1.],[0.]
962,2013-08-21,[-1.],[0.]
963,2013-08-22,[-1.],[0.]
964,2013-08-23,[-1.],[0.]
965,2013-08-26,[-1.],[0.]
966,2013-08-27,[-1.],[0.]
967,2013-08-28,[-1.],[0.]
968,2013-08-29,[-1.],[0.]
969,2013-08-30,[-1.],[0.]
970,2013-09-02,[-1.],[0.]
971,2013-09-03,[-1.],[0.]
972,2013-09-04,[-1.],[0.]
973,2013-09-05,[-1.],[0.]
974,2013-09-06,[-1.],[0.]
975,2013-09-09,[-1.],[0.]
976,2013-09-10,[-1.],[0.]
977,2013-09-11,[-1.],[0.]
978,2013-09-12,[-1.],[0.]
979,2013-09-13,[-1.],[0.]
980,2013-09-16,[-1.],[0.]
981,2013-09-17,[-1.],[0.]
982,2013-09-18,[-1.],[0.]
983,2013-09-23,[-1.],[0.]
984,2013-09-24,[-1.],[0.]
985,2013-09-25,[-1.],[0.]
986,2013-09-26,[-1.],[0.]
987,2013-09-27,[-1.],[0.]
988,2013-09-30,[-1.],[0.]
989,2013-10-08,[-1.],[0.]
990,2013-10-09,[-1.],[0.]
991,2013-10-10,[-1.],[0.]
992,2013-10-11,[-1.],[0.]
993,2013-10-14,[-1.],[0.]
994,2013-10-15,[-1.],[0.]
995,2013-10-16,[-1.],[0.]
996,2013-10-17,[-1.],[0.]
997,2013-10-18,[-1.],[0.]
998,2013-10-21,[-1.],[0.]
999,2013-10-22,[-1.],[0.]
1000,2013-10-23,[-1.],[0.]
1001,2013-10-24,[-1.],[0.]
1002,2013-10-25,[-1.],[0.]
1003,2013-10-28,[-1.],[0.]
1004,2013-10-29,[-1.],[0.]
1005,2013-10-30,[-1.],[0.]
1006,2013-10-31,[-1.],[0.]
1007,2013-11-01,[-1.],[0.]
1008,2013-11-04,[-1.],[0.]
1009,2013-11-05,[-1.],[0.]
1010,2013-11-06,[-1.],[0.]
1011,2013-11-07,[-1.],[0.]
1012,2013-11-08,[-1.],[0.]
1013,2013-11-11,[-1.],[0.]
1014,2013-11-12,[-1.],[0.]
1015,2013-11-13,[-1.],[0.]
1016,2013-11-14,[-1.],[0.]
1017,2013-11-15,[-1.],[0.]
1018,2013-11-18,[-1.],[0.]
1019,2013-11-19,[-1.],[0.]
1020,2013-11-20,[-1.],[0.]
1021,2013-11-21,[-1.],[0.]
1022,2013-11-22,[-1.],[0.]
1023,2013-11-25,[-1.],[0.]
1024,2013-11-26,[-1.],[0.]
1025,2013-11-27,[-1.],[0.]
1026,2013-11-28,[-1.],[0.]
1027,2013-11-29,[-1.],[0.]
1028,2013-12-02,[-1.],[0.]
1029,2013-12-03,[-1.],[0.]
1030,2013-12-04,[-1.],[0.]
1031,2013-12-05,[-1.],[0.]
1032,2013-12-06,[-1.],[0.]
1033,2013-12-09,[-1.],[0.]
1034,2013-12-10,[-1.],[0.]
1035,2013-12-11,[-1.],[0.]
1036,2013-12-12,[-1.],[0.]
1037,2013-12-13,[-1.],[0.]
1038,2013-12-16,[-1.],[0.]
1039,2013-12-17,[-1.],[0.]
1040,2013-12-18,[-1.],[0.]
1041,2013-12-19,[-1.],[0.]
1042,2013-12-20,[-1.],[0.]
1043,2013-12-23,[-1.],[0.]
1044,2013-12-24,[-1.],[0.]
1045,2013-12-25,[-1.],[0.]
1046,2013-12-26,[-1.],[0.]
1047,2013-12-27,[-1.],[0.]
1048,2013-12-30,[-1.],[0.]
1049,2013-12-31,[-1.],[0.]
1050,2014-01-02,[-1.],[0.]
1051,2014-01-03,[-1.],[0.]
1052,2014-01-06,[-1.],[0.]
1053,2014-01-07,[-1.],[0.]
1054,2014-01-08,[-1.],[0.]
1055,2014-01-09,[-1.],[0.]
1056,2014-01-10,[-1.],[0.]
1057,2014-01-13,[-1.],[0.]
1058,2014-01-14,[-1.],[0.]
1059,2014-01-15,[-1.],[0.]
1060,2014-01-16,[-1.],[0.]
1061,2014-01-17,[-1.],[0.]
1062,2014-01-20,[-1.],[0.]
1063,2014-01-21,[-1.],[0.]
1064,2014-01-22,[-1.],[0.]
1065,2014-01-23,[-1.],[0.]
1066,2014-01-24,[-1.],[0.]
1067,2014-01-27,[-1.],[0.]
1068,2014-01-28,[-1.],[0.]
1069,2014-01-29,[-1.],[0.]
1070,2014-01-30,[-1.],[0.]
1071,2014-02-07,[-1.],[0.]
1072,2014-02-10,[-1.],[0.]
1073,2014-02-11,[-1.],[0.]
1074,2014-02-12,[-1.],[0.]
1075,2014-02-13,[-1.],[0.]
1076,2014-02-14,[-1.],[0.]
1077,2014-02-17,[-1.],[0.]
1078,2014-02-18,[0.2098204],[0.]
1079,2014-02-19,[-1.],[0.]
1080,2014-02-20,[-1.],[0.]
1081,2014-02-21,[-1.],[0.]
1082,2014-02-24,[-1.],[0.]
1083,2014-02-25,[-1.],[0.]
1084,2014-02-26,[-1.],[0.]
1085,2014-02-27,[-1.],[0.]
1086,2014-02-28,[-1.],[0.]
1087,2014-03-03,[-1.],[0.]
1088,2014-03-04,[-1.],[0.]
1089,2014-03-05,[-1.],[0.]
1090,2014-03-06,[-1.],[0.]
1091,2014-03-07,[-1.],[0.]
1092,2014-03-10,[-1.],[0.]
1093,2014-03-11,[-1.],[0.]
1094,2014-03-12,[-1.],[0.]
1095,2014-03-13,[-1.],[0.]
1096,2014-03-14,[-1.],[0.]
1097,2014-03-17,[-1.],[0.]
1098,2014-03-18,[-1.],[0.]
1099,2014-03-19,[-1.],[0.]
1100,2014-03-20,[-1.],[0.]
1101,2014-03-21,[-1.],[0.]
1102,2014-03-24,[-1.],[0.]
1103,2014-03-25,[-1.],[0.]
1104,2014-03-26,[-1.],[0.]
1105,2014-03-27,[-1.],[0.]
1106,2014-03-28,[-1.],[0.]
1107,2014-03-31,[-1.],[0.]
1108,2014-04-01,[-1.],[0.]
1109,2014-04-02,[-1.],[0.]
1110,2014-04-03,[-1.],[0.]
1111,2014-04-04,[-1.],[0.]
1112,2014-04-08,[-1.],[0.]
1113,2014-04-09,[-1.],[0.]
1114,2014-04-10,[-1.],[0.]
1115,2014-04-11,[-1.],[0.]
1116,2014-04-14,[-1.],[0.]
1117,2014-04-15,[-1.],[0.]
1118,2014-04-16,[-1.],[0.]
1119,2014-04-17,[-1.],[0.]
1120,2014-04-18,[-1.],[0.]
1121,2014-04-21,[-1.],[0.]
1122,2014-04-22,[-1.],[0.]
1123,2014-04-23,[-1.],[0.]
1124,2014-04-24,[-1.],[0.]
1125,2014-04-25,[-1.],[0.]
1126,2014-04-28,[-1.],[0.]
1127,2014-04-29,[-1.],[0.]
1128,2014-04-30,[-1.],[0.]
1129,2014-05-05,[-1.],[0.]
1130,2014-05-06,[-1.],[0.]
1131,2014-05-07,[-1.],[0.]
1132,2014-05-08,[-1.],[0.]
1133,2014-05-09,[-1.],[0.]
1134,2014-05-12,[-1.],[0.]
1135,2014-05-13,[-1.],[0.]
1136,2014-05-14,[-1.],[0.]
1137,2014-05-15,[-1.],[0.]
1138,2014-05-16,[-1.],[0.]
1139,2014-05-19,[-1.],[0.]
1140,2014-05-20,[-1.],[0.]
1141,2014-05-21,[-1.],[0.]
1142,2014-05-22,[-1.],[0.]
1143,2014-05-23,[-1.],[0.]
1144,2014-05-26,[-1.],[0.]
1145,2014-05-27,[-1.],[0.]
1146,2014-05-28,[-1.],[0.]
1147,2014-05-29,[-1.],[0.]
1148,2014-05-30,[-1.],[0.]
1149,2014-06-03,[-1.],[0.]
1150,2014-06-04,[-1.],[0.]
1151,2014-06-05,[-1.],[0.]
1152,2014-06-06,[-1.],[0.]
1153,2014-06-09,[-1.],[0.]
1154,2014-06-10,[-1.],[0.]
1155,2014-06-11,[-1.],[0.]
1156,2014-06-12,[-1.],[0.]
1157,2014-06-13,[-1.],[0.]
1158,2014-06-16,[-1.],[0.]
1159,2014-06-17,[-1.],[0.]
1160,2014-06-18,[-1.],[0.]
1161,2014-06-19,[-1.],[0.]
1162,2014-06-20,[-1.],[0.]
1163,2014-06-23,[-1.],[0.]
1164,2014-06-24,[-1.],[0.]
1165,2014-06-25,[-1.],[0.]
1166,2014-06-26,[-1.],[0.]
1167,2014-06-27,[-1.],[0.]
1168,2014-06-30,[-1.],[0.]
1169,2014-07-01,[-1.],[0.]
1170,2014-07-02,[-1.],[0.]
1171,2014-07-03,[-1.],[0.]
1172,2014-07-04,[-1.],[0.]
1173,2014-07-07,[-1.],[0.]
1174,2014-07-08,[-1.],[0.]
1175,2014-07-09,[-1.],[0.]
1176,2014-07-10,[-1.],[0.]
1177,2014-07-11,[-1.],[0.]
1178,2014-07-14,[-1.],[0.]
1179,2014-07-15,[-1.],[0.]
1180,2014-07-16,[-1.],[0.]
1181,2014-07-17,[-1.],[0.]
1182,2014-07-18,[-1.],[0.]
1183,2014-07-21,[-1.],[0.]
1184,2014-07-22,[-1.],[0.]
1185,2014-07-23,[-1.],[0.]
1186,2014-07-24,[-1.],[0.]
1187,2014-07-25,[-1.],[0.]
1188,2014-07-28,[-1.],[0.]
1189,2014-07-29,[-1.],[0.]
1190,2014-07-30,[-1.],[0.]
1191,2014-07-31,[-1.],[0.]
1192,2014-08-01,[-1.],[0.]
1193,2014-08-04,[-1.],[0.]
1194,2014-08-05,[-1.],[0.]
1195,2014-08-06,[-1.],[0.]
1196,2014-08-07,[-1.],[0.]
1197,2014-08-08,[-1.],[0.]
1198,2014-08-11,[-1.],[0.]
1199,2014-08-12,[-1.],[0.]
1200,2014-08-13,[-1.],[0.]
1201,2014-08-14,[-1.],[0.]
1202,2014-08-15,[-1.],[0.]
1203,2014-08-18,[-1.],[0.]
1204,2014-08-19,[-1.],[0.]
1205,2014-08-20,[-1.],[0.]
1206,2014-08-21,[-1.],[0.]
1207,2014-08-22,[-1.],[0.]
1208,2014-08-25,[-1.],[0.]
1209,2014-08-26,[-1.],[0.]
1210,2014-08-27,[-1.],[0.]
1211,2014-08-28,[-1.],[0.]
1212,2014-08-29,[-1.],[0.]
1213,2014-09-01,[-1.],[0.]
1214,2014-09-02,[-1.],[0.]
1215,2014-09-03,[-1.],[0.]
1216,2014-09-04,[-1.],[0.]
1217,2014-09-05,[-1.],[0.]
1218,2014-09-09,[-1.],[0.]
1219,2014-09-10,[-1.],[0.]
1220,2014-09-11,[-1.],[0.]
1221,2014-09-12,[-1.],[0.]
1222,2014-09-15,[-1.],[0.]
1223,2014-09-16,[-1.],[0.]
1224,2014-09-17,[-1.],[0.]
1225,2014-09-18,[-1.],[0.]
1226,2014-09-19,[-1.],[0.]
1227,2014-09-22,[-1.],[0.]
1228,2014-09-23,[-1.],[0.]
1229,2014-09-24,[-1.],[0.]
1230,2014-09-25,[-1.],[0.]
1231,2014-09-26,[-1.],[0.]
1232,2014-09-29,[-1.],[0.]
1233,2014-09-30,[-1.],[0.]
1234,2014-10-08,[-1.],[0.]
1235,2014-10-09,[-1.],[0.]
1236,2014-10-10,[-1.],[0.]
1237,2014-10-13,[-1.],[0.]
1238,2014-10-14,[-1.],[0.]
1239,2014-10-15,[-1.],[0.]
1240,2014-10-16,[-1.],[0.]
1241,2014-10-17,[-1.],[0.]
1242,2014-10-20,[-1.],[0.]
1243,2014-10-21,[-1.],[0.]
1244,2014-10-22,[-1.],[0.]
1245,2014-10-23,[-1.],[0.]
1246,2014-10-24,[-1.],[0.]
1247,2014-10-27,[-1.],[0.]
1248,2014-10-28,[-1.],[0.]
1249,2014-10-29,[-1.],[0.]
1250,2014-10-30,[-1.],[0.]
1251,2014-10-31,[-1.],[0.]
1252,2014-11-03,[-1.],[0.]
1253,2014-11-04,[-1.],[0.]
1254,2014-11-05,[-1.],[0.]
1255,2014-11-06,[-1.],[0.]
1256,2014-11-07,[-1.],[0.]
1257,2014-11-10,[-1.],[0.]
1258,2014-11-11,[-1.],[0.]
1259,2014-11-12,[-1.],[0.]
1260,2014-11-13,[-1.],[0.]
1261,2014-11-14,[-1.],[0.]
1262,2014-11-17,[-1.],[0.]
1263,2014-11-18,[-1.],[0.]
1264,2014-11-19,[-1.],[0.]
1265,2014-11-20,[-1.],[0.]
1266,2014-11-21,[-1.],[0.]
1267,2014-11-24,[-1.],[0.]
1268,2014-11-25,[-1.],[0.]
1269,2014-11-26,[-1.],[0.]
1270,2014-11-27,[-1.],[0.]
1271,2014-11-28,[0.2098204],[0.]
1272,2014-12-01,[-1.],[0.]
1273,2014-12-02,[-1.],[0.]
1274,2014-12-03,[-1.],[0.]
1275,2014-12-04,[-1.],[0.]
1276,2014-12-05,[-1.],[0.]
1277,2014-12-08,[-1.],[0.]
1278,2014-12-09,[-1.],[0.]
1279,2014-12-10,[-1.],[0.]
1280,2014-12-11,[-1.],[0.]
1281,2014-12-12,[-1.],[0.]
1282,2014-12-15,[-1.],[0.]
1283,2014-12-16,[-1.],[0.]
1284,2014-12-17,[-1.],[0.]
1285,2014-12-18,[-1.],[0.]
1286,2014-12-19,[-1.],[0.]
1287,2014-12-22,[-1.],[0.]
1288,2014-12-23,[-1.],[0.]
1289,2014-12-24,[-1.],[0.]
1290,2014-12-25,[-1.],[0.]
1291,2014-12-26,[-1.],[0.]
1292,2014-12-29,[-1.],[0.]
1293,2014-12-30,[-1.],[0.]
1294,2014-12-31,[-1.],[0.]
1295,2015-01-05,[-1.],[0.]
1296,2015-01-06,[-1.],[0.]
1297,2015-01-07,[-1.],[0.]
1298,2015-01-08,[-1.],[0.]
1299,2015-01-09,[-1.],[0.]
1300,2015-01-12,[-1.],[0.]
1301,2015-01-13,[-1.],[0.]
1302,2015-01-14,[-1.],[0.]
1303,2015-01-15,[-1.],[0.]
1304,2015-01-16,[-1.],[0.]
1305,2015-01-19,[-1.],[0.]
1306,2015-01-20,[-1.],[0.]
1307,2015-01-21,[-1.],[0.]
1308,2015-01-22,[-1.],[0.]
1309,2015-01-23,[-1.],[0.]
1310,2015-01-26,[-1.],[0.]
1311,2015-01-27,[-1.],[0.]
1312,2015-01-28,[-1.],[0.]
1313,2015-01-29,[-1.],[0.]
1314,2015-01-30,[-1.],[0.]
1315,2015-02-02,[-1.],[0.]
1316,2015-02-03,[-1.],[0.]
1317,2015-02-04,[-1.],[0.]
1318,2015-02-05,[-1.],[0.]
1319,2015-02-06,[-1.],[0.]
1320,2015-02-09,[-1.],[0.]
1321,2015-02-10,[-1.],[0.]
1322,2015-02-11,[-1.],[0.]
1323,2015-02-12,[-1.],[0.]
1324,2015-02-13,[-1.],[0.]
1325,2015-02-16,[-1.],[0.]
1326,2015-02-17,[-1.],[0.]
1327,2015-02-25,[-1.],[0.]
1328,2015-02-26,[-1.],[0.]
1329,2015-02-27,[-1.],[0.]
1330,2015-03-02,[-1.],[0.]
1331,2015-03-03,[-1.],[0.]
1332,2015-03-04,[-1.],[0.]
1333,2015-03-05,[-1.],[0.]
1334,2015-03-06,[-1.],[0.]
1335,2015-03-09,[-1.],[0.]
1336,2015-03-10,[-1.],[0.]
1337,2015-03-11,[-1.],[0.]
1338,2015-03-12,[-1.],[0.]
1339,2015-03-13,[-1.],[0.]
1340,2015-03-16,[-1.],[0.]
1341,2015-03-17,[-1.],[0.]
1342,2015-03-18,[-1.],[0.]
1343,2015-03-19,[-1.],[0.]
1344,2015-03-20,[-1.],[0.]
1345,2015-03-23,[-1.],[0.]
1346,2015-03-24,[-1.],[0.]
1347,2015-03-25,[-1.],[0.]
1348,2015-03-26,[-1.],[0.]
1349,2015-03-27,[-1.],[0.]
1350,2015-03-30,[-1.],[0.]
1351,2015-03-31,[0.2098204],[0.]
1352,2015-04-01,[0.2098204],[0.]
1353,2015-04-02,[0.2098204],[0.]
1354,2015-04-03,[0.2098204],[0.]
1355,2015-04-07,[0.2098204],[0.]
1356,2015-04-08,[0.2098204],[0.]
1357,2015-04-09,[0.2098204],[0.]
1358,2015-04-10,[0.2098204],[0.]
1359,2015-04-13,[0.2098204],[0.]
1360,2015-04-14,[0.2098204],[0.]
1361,2015-04-15,[0.2098204],[0.]
1362,2015-04-16,[0.2098204],[0.]
1363,2015-04-17,[0.2098204],[0.]
1364,2015-04-20,[-1.],[0.]
1365,2015-04-21,[-1.],[0.]
1366,2015-04-22,[-1.],[0.]
1367,2015-04-23,[-1.],[0.]
1368,2015-04-24,[-1.],[0.]
1369,2015-04-27,[-1.],[0.]
1370,2015-04-28,[-1.],[0.]
1371,2015-04-29,[-1.],[0.]
1372,2015-04-30,[-1.],[0.]
1373,2015-05-04,[-1.],[0.]
1374,2015-05-05,[-1.],[0.]
1375,2015-05-06,[-1.],[0.]
1376,2015-05-07,[-1.],[0.]
1377,2015-05-08,[-1.],[0.]
1378,2015-05-11,[-1.],[0.]
1379,2015-05-12,[-1.],[0.]
1380,2015-05-13,[-1.],[0.]
1381,2015-05-14,[-1.],[0.]
1382,2015-05-15,[-1.],[0.]
1383,2015-05-18,[-1.],[0.]
1384,2015-05-19,[-1.],[0.]
1385,2015-05-20,[-1.],[0.]
1386,2015-05-21,[-1.],[0.]
1387,2015-05-22,[-1.],[0.]
1388,2015-05-25,[-1.],[0.]
1389,2015-05-26,[-1.],[0.]
1390,2015-05-27,[-1.],[0.]
1391,2015-05-28,[-1.],[0.]
1392,2015-05-29,[-1.],[0.]
1393,2015-06-01,[-1.],[0.]
1394,2015-06-02,[-1.],[0.]
1395,2015-06-03,[-1.],[0.]
1396,2015-06-04,[-1.],[0.]
1397,2015-06-05,[-1.],[0.]
1398,2015-06-08,[-1.],[0.]
1399,2015-06-09,[-1.],[0.]
1400,2015-06-10,[-1.],[0.]
1401,2015-06-11,[-1.],[0.]
1402,2015-06-12,[-1.],[0.]
1403,2015-06-15,[-1.],[0.]
1404,2015-06-16,[-1.],[0.]
1405,2015-06-17,[-1.],[0.]
1406,2015-06-18,[-1.],[0.]
1407,2015-06-19,[-1.],[0.]
1408,2015-06-23,[-1.],[0.]
1409,2015-06-24,[-1.],[0.]
1410,2015-06-25,[-1.],[0.]
1411,2015-06-26,[-1.],[0.]
1412,2015-06-29,[-1.],[0.]
1413,2015-06-30,[-1.],[0.]
1414,2015-07-01,[-1.],[0.]
1415,2015-07-02,[-1.],[0.]
1416,2015-07-03,[-1.],[0.]
1417,2015-07-06,[-1.],[0.]
1418,2015-07-07,[-1.],[0.]
1419,2015-07-08,[-1.],[0.]
1420,2015-07-09,[-1.],[0.]
1421,2015-07-10,[-1.],[0.]
1422,2015-07-13,[-1.],[0.]
1423,2015-07-14,[-1.],[0.]
1424,2015-07-15,[-1.],[0.]
1425,2015-07-16,[-1.],[0.]
1426,2015-07-17,[-1.],[0.]
1427,2015-07-20,[-1.],[0.]
1428,2015-07-21,[-1.],[0.]
1429,2015-07-22,[-1.],[0.]
1430,2015-07-23,[-1.],[0.]
1431,2015-07-24,[-1.],[0.]
1432,2015-07-27,[-1.],[0.]
1433,2015-07-28,[-1.],[0.]
1434,2015-07-29,[-1.],[0.]
1435,2015-07-30,[-1.],[0.]
1436,2015-07-31,[-1.],[0.]
1437,2015-08-03,[-1.],[0.]
1438,2015-08-04,[-1.],[0.]
1439,2015-08-05,[-1.],[0.]
1440,2015-08-06,[-1.],[0.]
1441,2015-08-07,[-1.],[0.]
1442,2015-08-10,[-1.],[0.]
1443,2015-08-11,[-1.],[0.]
1444,2015-08-12,[-1.],[0.]
1445,2015-08-13,[-1.],[0.]
1446,2015-08-14,[-1.],[0.]
1447,2015-08-17,[-1.],[0.]
1448,2015-08-18,[-1.],[0.]
1449,2015-08-19,[-1.],[0.]
1450,2015-08-20,[-1.],[0.]
1451,2015-08-21,[-1.],[0.]
1452,2015-08-24,[-1.],[0.]
1453,2015-08-25,[-1.],[0.]
1454,2015-08-26,[-1.],[0.]
1455,2015-08-27,[-1.],[0.]
1456,2015-08-28,[-1.],[0.]
1457,2015-08-31,[-1.],[0.]
1458,2015-09-01,[-1.],[0.]
1459,2015-09-02,[-1.],[0.]
1460,2015-09-07,[-1.],[0.]
1461,2015-09-08,[-1.],[0.]
1462,2015-09-09,[-1.],[0.]
1463,2015-09-10,[-1.],[0.]
1464,2015-09-11,[-1.],[0.]
1465,2015-09-14,[-1.],[0.]
1466,2015-09-15,[-1.],[0.]
1467,2015-09-16,[-1.],[0.]
1468,2015-09-17,[-1.],[0.]
1469,2015-09-18,[-1.],[0.]
1470,2015-09-21,[-1.],[0.]
1471,2015-09-22,[-1.],[0.]
1472,2015-09-23,[-1.],[0.]
1473,2015-09-24,[-1.],[0.]
1474,2015-09-25,[-1.],[0.]
1475,2015-09-28,[-1.],[0.]
1476,2015-09-29,[-1.],[0.]
1477,2015-09-30,[-1.],[0.]
1478,2015-10-08,[-1.],[0.]
1479,2015-10-09,[-1.],[0.]
1480,2015-10-12,[-1.],[0.]
1481,2015-10-13,[-1.],[0.]
1482,2015-10-14,[-1.],[0.]
1483,2015-10-15,[-1.],[0.]
1484,2015-10-16,[-1.],[0.]
1485,2015-10-19,[-1.],[0.]
1486,2015-10-20,[-1.],[0.]
1487,2015-10-21,[-1.],[0.]
1488,2015-10-22,[-1.],[0.]
1489,2015-10-23,[-1.],[0.]
1490,2015-10-26,[-1.],[0.]
1491,2015-10-27,[-1.],[0.]
1492,2015-10-28,[-1.],[0.]
1493,2015-10-29,[-1.],[0.]
1494,2015-10-30,[-1.],[0.]
1495,2015-11-02,[-1.],[0.]
1496,2015-11-03,[-1.],[0.]
1497,2015-11-04,[-1.],[0.]
1498,2015-11-05,[-1.],[0.]
1499,2015-11-06,[-1.],[0.]
1500,2015-11-09,[-1.],[0.]
1501,2015-11-10,[-1.],[0.]
1502,2015-11-11,[-1.],[0.]
1503,2015-11-12,[-1.],[0.]
1504,2015-11-13,[-1.],[0.]
1505,2015-11-16,[-1.],[0.]
1506,2015-11-17,[-1.],[0.]
1507,2015-11-18,[-1.],[0.]
1508,2015-11-19,[-1.],[0.]
1509,2015-11-20,[-1.],[0.]
1510,2015-11-23,[-1.],[0.]
1511,2015-11-24,[-1.],[0.]
1512,2015-11-25,[-1.],[0.]
1513,2015-11-26,[-1.],[0.]
1514,2015-11-27,[-1.],[0.]
1515,2015-11-30,[-1.],[0.]
1516,2015-12-01,[-1.],[0.]
1517,2015-12-02,[-1.],[0.]
1518,2015-12-03,[-1.],[0.]
1519,2015-12-04,[-1.],[0.]
1520,2015-12-07,[-1.],[0.]
1521,2015-12-08,[-1.],[0.]
1522,2015-12-09,[-1.],[0.]
1523,2015-12-10,[-1.],[0.]
1524,2015-12-11,[-1.],[0.]
1525,2015-12-14,[0.2098204],[0.]
1526,2015-12-15,[-1.],[0.]
1527,2015-12-16,[-1.],[0.]
1528,2015-12-17,[-1.],[0.]
1529,2015-12-18,[-1.],[0.]
1530,2015-12-21,[-1.],[0.]
1531,2015-12-22,[-1.],[0.]
1532,2015-12-23,[-1.],[0.]
1533,2015-12-24,[-1.],[0.]
1534,2015-12-25,[-1.],[0.]
1535,2015-12-28,[-1.],[0.]
1536,2015-12-29,[-1.],[0.]
1537,2015-12-30,[-1.],[0.]
1538,2015-12-31,[-1.],[0.]
1539,2016-01-04,[-1.],[0.]
1540,2016-01-05,[-1.],[0.]
1541,2016-01-06,[-1.],[0.]
1542,2016-01-07,[-1.],[0.]
1543,2016-01-08,[-1.],[0.]
1544,2016-01-11,[-1.],[0.]
1545,2016-01-12,[-1.],[0.]
1546,2016-01-13,[-1.],[0.]
1547,2016-01-14,[-1.],[0.]
1548,2016-01-15,[-1.],[0.]
1549,2016-01-18,[-1.],[0.]
1550,2016-01-19,[-1.],[0.]
1551,2016-01-20,[-1.],[0.]
1552,2016-01-21,[-1.],[0.]
1553,2016-01-22,[-1.],[0.]
1554,2016-01-25,[-1.],[0.]
1555,2016-01-26,[-1.],[0.]
1556,2016-01-27,[-1.],[0.]
1557,2016-01-28,[-1.],[0.]
1558,2016-01-29,[-1.],[0.]
1559,2016-02-01,[-1.],[0.]
1560,2016-02-02,[-1.],[0.]
1561,2016-02-03,[-1.],[0.]
1562,2016-02-04,[-1.],[0.]
1563,2016-02-05,[-1.],[0.]
1564,2016-02-15,[-1.],[0.]
1565,2016-02-16,[-1.],[0.]
1566,2016-02-17,[-1.],[0.]
1567,2016-02-18,[-1.],[0.]
1568,2016-02-19,[-1.],[0.]
1569,2016-02-22,[-1.],[0.]
1570,2016-02-23,[-1.],[0.]
1571,2016-02-24,[-1.],[0.]
1572,2016-02-25,[-1.],[0.]
1573,2016-02-26,[-1.],[0.]
1574,2016-02-29,[-1.],[0.]
1575,2016-03-01,[-1.],[0.]
1576,2016-03-02,[-1.],[0.]
1577,2016-03-03,[-1.],[0.]
1578,2016-03-04,[-1.],[0.]
1579,2016-03-07,[-1.],[0.]
1580,2016-03-08,[-1.],[0.]
1581,2016-03-09,[-1.],[0.]
1582,2016-03-10,[-1.],[0.]
1583,2016-03-11,[-1.],[0.]
1584,2016-03-14,[-1.],[0.]
1585,2016-03-15,[-1.],[0.]
1586,2016-03-16,[-1.],[0.]
1587,2016-03-17,[-1.],[0.]
1588,2016-03-18,[-1.],[0.]
1589,2016-03-21,[-1.],[0.]
1590,2016-03-22,[-1.],[0.]
1591,2016-03-23,[-1.],[0.]
1592,2016-03-24,[-1.],[0.]
1593,2016-03-25,[-1.],[0.]
1594,2016-03-28,[-1.],[0.]
1595,2016-03-29,[-1.],[0.]
1596,2016-03-30,[-1.],[0.]
1597,2016-03-31,[-1.],[0.]
1598,2016-04-01,[-1.],[0.]
1599,2016-04-05,[-1.],[0.]
1600,2016-04-06,[-1.],[0.]
1601,2016-04-07,[-1.],[0.]
1602,2016-04-08,[-1.],[0.]
1603,2016-04-11,[-1.],[0.]
1604,2016-04-12,[-1.],[0.]
1605,2016-04-13,[-1.],[0.]
1606,2016-04-14,[-1.],[0.]
1607,2016-04-15,[-1.],[0.]
1608,2016-04-18,[-1.],[0.]
1609,2016-04-19,[-1.],[0.]
1610,2016-04-20,[-1.],[0.]
1611,2016-04-21,[-1.],[0.]
1612,2016-04-22,[-1.],[0.]
1613,2016-04-25,[-1.],[0.]
1614,2016-04-26,[-1.],[0.]
1615,2016-04-27,[-1.],[0.]
1616,2016-04-28,[-1.],[0.]
1617,2016-04-29,[-1.],[0.]
1618,2016-05-03,[-1.],[0.]
1619,2016-05-04,[-1.],[0.]
1620,2016-05-05,[-1.],[0.]
1621,2016-05-06,[-1.],[0.]
1622,2016-05-09,[-1.],[0.]
1623,2016-05-10,[-1.],[0.]
1624,2016-05-11,[-1.],[0.]
1625,2016-05-12,[-1.],[0.]
1626,2016-05-13,[-1.],[0.]
1627,2016-05-16,[-1.],[0.]
1628,2016-05-17,[-1.],[0.]
1629,2016-05-18,[-1.],[0.]
1630,2016-05-19,[-1.],[0.]
1631,2016-05-20,[-1.],[0.]
1632,2016-05-23,[-1.],[0.]
1633,2016-05-24,[-1.],[0.]
1634,2016-05-25,[-1.],[0.]
1635,2016-05-26,[-1.],[0.]
1636,2016-05-27,[-1.],[0.]
1637,2016-05-30,[-1.],[0.]
1638,2016-05-31,[-1.],[0.]
1639,2016-06-01,[-1.],[0.]
1640,2016-06-02,[-1.],[0.]
1641,2016-06-03,[-1.],[0.]
1642,2016-06-06,[-1.],[0.]
1643,2016-06-07,[-1.],[0.]
1644,2016-06-08,[-1.],[0.]
1645,2016-06-13,[-1.],[0.]
1646,2016-06-14,[-1.],[0.]
1647,2016-06-15,[-1.],[0.]
1648,2016-06-16,[-1.],[0.]
1649,2016-06-17,[-1.],[0.]
1650,2016-06-20,[-1.],[0.]
1651,2016-06-21,[-1.],[0.]
1652,2016-06-22,[-1.],[0.]
1653,2016-06-23,[-1.],[0.]
1654,2016-06-24,[-1.],[0.]
1655,2016-06-27,[-1.],[0.]
1656,2016-06-28,[-1.],[0.]
1657,2016-06-29,[-1.],[0.]
1658,2016-06-30,[-1.],[0.]
1659,2016-07-01,[-1.],[0.]
1660,2016-07-04,[-1.],[0.]
1661,2016-07-05,[-1.],[0.]
1662,2016-07-06,[-1.],[0.]
1663,2016-07-07,[-1.],[0.]
1664,2016-07-08,[-1.],[0.]
1665,2016-07-11,[-1.],[0.]
1666,2016-07-12,[-1.],[0.]
1667,2016-07-13,[-1.],[0.]
1668,2016-07-14,[-1.],[0.]
1669,2016-07-15,[-1.],[0.]
1670,2016-07-18,[-1.],[0.]
1671,2016-07-19,[-1.],[0.]
1672,2016-07-20,[-1.],[0.]
1673,2016-07-21,[-1.],[0.]
1674,2016-07-22,[-1.],[0.]
1675,2016-07-25,[-1.],[0.]
1676,2016-07-26,[-1.],[0.]
1677,2016-07-27,[-1.],[0.]
1678,2016-07-28,[-1.],[0.]
1679,2016-07-29,[0.2098204],[0.]
1680,2016-08-01,[-1.],[0.]
1681,2016-08-02,[-1.],[0.]
1682,2016-08-03,[-1.],[0.]
1683,2016-08-04,[-1.],[0.]
1684,2016-08-05,[-1.],[0.]
1685,2016-08-08,[-1.],[0.]
1686,2016-08-09,[-1.],[0.]
1687,2016-08-10,[-1.],[0.]
1688,2016-08-11,[-1.],[0.]
1689,2016-08-12,[-1.],[0.]
1690,2016-08-15,[-1.],[0.]
1691,2016-08-16,[-1.],[0.]
1692,2016-08-17,[-1.],[0.]
1693,2016-08-18,[-1.],[0.]
1694,2016-08-19,[-1.],[0.]
1695,2016-08-22,[-1.],[0.]
1696,2016-08-23,[-1.],[0.]
1697,2016-08-24,[-1.],[0.]
1698,2016-08-25,[-1.],[0.]
1699,2016-08-26,[-1.],[0.]
1700,2016-08-29,[-1.],[0.]
1701,2016-08-30,[-1.],[0.]
1702,2016-08-31,[-1.],[0.]
1703,2016-09-01,[-1.],[0.]
1704,2016-09-02,[-1.],[0.]
1705,2016-09-05,[-1.],[0.]
1706,2016-09-06,[-1.],[0.]
1707,2016-09-07,[-1.],[0.]
1708,2016-09-08,[-1.],[0.]
1709,2016-09-09,[-1.],[0.]
1710,2016-09-12,[-1.],[0.]
1711,2016-09-13,[-1.],[0.]
1712,2016-09-14,[-1.],[0.]
1713,2016-09-19,[-1.],[0.]
1714,2016-09-20,[-1.],[0.]
1715,2016-09-21,[-1.],[0.]
1716,2016-09-22,[-1.],[0.]
1717,2016-09-23,[-1.],[0.]
1718,2016-09-26,[-1.],[0.]
1719,2016-09-27,[-1.],[0.]
1720,2016-09-28,[-1.],[0.]
1721,2016-09-29,[-1.],[0.]
1722,2016-09-30,[-1.],[0.]
1723,2016-10-10,[-1.],[0.]
1724,2016-10-11,[-1.],[0.]
1725,2016-10-12,[-1.],[0.]
1726,2016-10-13,[-1.],[0.]
1727,2016-10-14,[-1.],[0.]
1728,2016-10-17,[-1.],[0.]
1729,2016-10-18,[-1.],[0.]
1730,2016-10-19,[-1.],[0.]
1731,2016-10-20,[-1.],[0.]
1732,2016-10-21,[-1.],[0.]
1733,2016-10-24,[-1.],[0.]
1734,2016-10-25,[-1.],[0.]
1735,2016-10-26,[-1.],[0.]
1736,2016-10-27,[-1.],[0.]
1737,2016-10-28,[-1.],[0.]
1738,2016-10-31,[-1.],[0.]
1739,2016-11-01,[-1.],[0.]
1740,2016-11-02,[-1.],[0.]
1741,2016-11-03,[-1.],[0.]
1742,2016-11-04,[-1.],[0.]
1743,2016-11-07,[-1.],[0.]
1744,2016-11-08,[-1.],[0.]
1745,2016-11-09,[-1.],[0.]
1746,2016-11-10,[-1.],[0.]
1747,2016-11-11,[-1.],[0.]
1748,2016-11-14,[-1.],[0.]
1749,2016-11-15,[-1.],[0.]
1750,2016-11-16,[-1.],[0.]
1751,2016-11-17,[-1.],[0.]
1752,2016-11-18,[-1.],[0.]
1753,2016-11-21,[-1.],[0.]
1754,2016-11-22,[-1.],[0.]
1755,2016-11-23,[-1.],[0.]
1756,2016-11-24,[-1.],[0.]
1757,2016-11-25,[-1.],[0.]
1758,2016-11-28,[-1.],[0.]
1759,2016-11-29,[-1.],[0.]
1760,2016-11-30,[-1.],[0.]
1761,2016-12-01,[-1.],[0.]
1762,2016-12-02,[-1.],[0.]
1763,2016-12-05,[-1.],[0.]
1764,2016-12-06,[-1.],[0.]
1765,2016-12-07,[-1.],[0.]
1766,2016-12-08,[-1.],[0.]
1767,2016-12-09,[-1.],[0.]
1768,2016-12-12,[-1.],[0.]
1769,2016-12-13,[-1.],[0.]
1770,2016-12-14,[-1.],[0.]
1771,2016-12-15,[-1.],[0.]
1772,2016-12-16,[-1.],[0.]
1773,2016-12-19,[-1.],[0.]
1774,2016-12-20,[-1.],[0.]
1775,2016-12-21,[-1.],[0.]
1776,2016-12-22,[-1.],[0.]
1777,2016-12-23,[-1.],[0.]
1778,2016-12-26,[-1.],[0.]
1779,2016-12-27,[-1.],[0.]
1780,2016-12-28,[-1.],[0.]
1781,2016-12-29,[-1.],[0.]
1782,2016-12-30,[-1.],[0.]
1783,2017-01-03,[-1.],[0.]
1784,2017-01-04,[-1.],[0.]
1785,2017-01-05,[-1.],[0.]
1786,2017-01-06,[-1.],[0.]
1787,2017-01-09,[-1.],[0.]
1788,2017-01-10,[-1.],[0.]
1789,2017-01-11,[-1.],[0.]
1790,2017-01-12,[-1.],[0.]
1791,2017-01-13,[-1.],[0.]
1792,2017-01-16,[-1.],[0.]
1793,2017-01-17,[-1.],[0.]
1794,2017-01-18,[-1.],[0.]
1795,2017-01-19,[-1.],[0.]
1796,2017-01-20,[-1.],[0.]
1797,2017-01-23,[-1.],[0.]
1798,2017-01-24,[-1.],[0.]
1799,2017-01-25,[-1.],[0.]
1800,2017-01-26,[-1.],[0.]
1801,2017-02-03,[-1.],[0.]
1802,2017-02-06,[-1.],[0.]
1803,2017-02-07,[-1.],[0.]
1804,2017-02-08,[-1.],[0.]
1805,2017-02-09,[-1.],[0.]
1806,2017-02-10,[-1.],[0.]
1807,2017-02-13,[-1.],[0.]
1808,2017-02-14,[-1.],[0.]
1809,2017-02-15,[-1.],[0.]
1810,2017-02-16,[-1.],[0.]
1811,2017-02-17,[-1.],[0.]
1812,2017-02-20,[-1.],[0.]
1813,2017-02-21,[-1.],[0.]
1814,2017-02-22,[-1.],[0.]
1815,2017-02-23,[-1.],[0.]
1816,2017-02-24,[-1.],[0.]
1817,2017-02-27,[-1.],[0.]
1818,2017-02-28,[-1.],[0.]
1819,2017-03-01,[-1.],[0.]
1820,2017-03-02,[-1.],[0.]
1821,2017-03-03,[-1.],[0.]
1822,2017-03-06,[-1.],[0.]
1823,2017-03-07,[-1.],[0.]
1824,2017-03-08,[-1.],[0.]
1825,2017-03-09,[-1.],[0.]
1826,2017-03-10,[-1.],[0.]
1827,2017-03-13,[-1.],[0.]
1828,2017-03-14,[-1.],[0.]
1829,2017-03-15,[-1.],[0.]
1830,2017-03-16,[-1.],[0.]
1831,2017-03-17,[-1.],[0.]
1832,2017-03-20,[-1.],[0.]
1833,2017-03-21,[-1.],[0.]
1834,2017-03-22,[-1.],[0.]
1835,2017-03-23,[-1.],[0.]
1836,2017-03-24,[-1.],[0.]
1837,2017-03-27,[-1.],[0.]
1838,2017-03-28,[-1.],[0.]
1839,2017-03-29,[-1.],[0.]
1840,2017-03-30,[-1.],[0.]
1841,2017-03-31,[-1.],[0.]
1842,2017-04-05,[-1.],[0.]
1843,2017-04-06,[-1.],[0.]
1844,2017-04-07,[-1.],[0.]
1845,2017-04-10,[-1.],[0.]
1846,2017-04-11,[-1.],[0.]
1847,2017-04-12,[-1.],[0.]
1848,2017-04-13,[-1.],[0.]
1849,2017-04-14,[-1.],[0.]
1850,2017-04-17,[-1.],[0.]
1851,2017-04-18,[-1.],[0.]
1852,2017-04-19,[-1.],[0.]
1853,2017-04-20,[-1.],[0.]
1854,2017-04-21,[-1.],[0.]
1855,2017-04-24,[-1.],[0.]
1856,2017-04-25,[-1.],[0.]
1857,2017-04-26,[-1.],[0.]
1858,2017-04-27,[-1.],[0.]
1859,2017-04-28,[-1.],[0.]
1860,2017-05-02,[-1.],[0.]
1861,2017-05-03,[-1.],[0.]
1862,2017-05-04,[-1.],[0.]
1863,2017-05-05,[-1.],[0.]
1864,2017-05-08,[-1.],[0.]
1865,2017-05-09,[-1.],[0.]
1866,2017-05-10,[-1.],[0.]
1867,2017-05-11,[-1.],[0.]
1868,2017-05-12,[-1.],[0.]
1869,2017-05-15,[-1.],[0.]
1870,2017-05-16,[-1.],[0.]
1871,2017-05-17,[-1.],[0.]
1872,2017-05-18,[-1.],[0.]
1873,2017-05-19,[-1.],[0.]
1874,2017-05-22,[-1.],[0.]
1875,2017-05-23,[-1.],[0.]
1876,2017-05-24,[-1.],[0.]
1877,2017-05-25,[-1.],[0.]
1878,2017-05-26,[-1.],[0.]
1879,2017-05-31,[-1.],[0.]
1880,2017-06-01,[-1.],[0.]
1881,2017-06-02,[-1.],[0.]
1882,2017-06-05,[-1.],[0.]
1883,2017-06-06,[-1.],[0.]
1884,2017-06-07,[-1.],[0.]
1885,2017-06-08,[-1.],[0.]
1886,2017-06-09,[-1.],[0.]
1887,2017-06-12,[-1.],[0.]
1888,2017-06-13,[-1.],[0.]
1889,2017-06-14,[-1.],[0.]
1890,2017-06-15,[-1.],[0.]
1891,2017-06-16,[-1.],[0.]
1892,2017-06-19,[-1.],[0.]
1893,2017-06-20,[-1.],[0.]
1894,2017-06-21,[-1.],[0.]
1895,2017-06-22,[-1.],[0.]
1896,2017-06-23,[-1.],[0.]
1897,2017-06-26,[-1.],[0.]
1898,2017-06-27,[-1.],[0.]
1899,2017-06-28,[-1.],[0.]
1900,2017-06-29,[-1.],[0.]
1901,2017-06-30,[-1.],[0.]
1902,2017-07-03,[-1.],[0.]
1903,2017-07-04,[-1.],[0.]
1904,2017-07-05,[-1.],[0.]
1905,2017-07-06,[-1.],[0.]
1906,2017-07-07,[-1.],[0.]
1907,2017-07-10,[-1.],[0.]
1908,2017-07-11,[-1.],[0.]
1909,2017-07-12,[-1.],[0.]
1910,2017-07-13,[-1.],[0.]
1911,2017-07-14,[-1.],[0.]
1912,2017-07-17,[-1.],[0.]
1913,2017-07-18,[-1.],[0.]
1914,2017-07-19,[-1.],[0.]
1915,2017-07-20,[-1.],[0.]
1916,2017-07-21,[-1.],[0.]
1917,2017-07-24,[-1.],[0.]
1918,2017-07-25,[-1.],[0.]
1919,2017-07-26,[-1.],[0.]
1920,2017-07-27,[-1.],[0.]
1921,2017-07-28,[-1.],[0.]
1922,2017-07-31,[-1.],[0.]
1923,2017-08-01,[-1.],[0.]
1924,2017-08-02,[-1.],[0.]
1925,2017-08-03,[-1.],[0.]
1926,2017-08-04,[-1.],[0.]
1927,2017-08-07,[-1.],[0.]
1928,2017-08-08,[-1.],[0.]
1929,2017-08-09,[-1.],[0.]
1930,2017-08-10,[-1.],[0.]
1931,2017-08-11,[-1.],[0.]
1932,2017-08-14,[-1.],[0.]
1933,2017-08-15,[-1.],[0.]
1934,2017-08-16,[-1.],[0.]
1935,2017-08-17,[-1.],[0.]
1936,2017-08-18,[-1.],[0.]
1937,2017-08-21,[-1.],[0.]
1938,2017-08-22,[-1.],[0.]
1939,2017-08-23,[-1.],[0.]
1940,2017-08-24,[-1.],[0.]
1941,2017-08-25,[-1.],[0.]
1942,2017-08-28,[-1.],[0.]
1943,2017-08-29,[-1.],[0.]
1944,2017-08-30,[-1.],[0.]
1945,2017-08-31,[-1.],[0.]
1946,2017-09-01,[-1.],[0.]
1947,2017-09-04,[-1.],[0.]
1948,2017-09-05,[-1.],[0.]
1949,2017-09-06,[-1.],[0.]
1950,2017-09-07,[-1.],[0.]
1951,2017-09-08,[-1.],[0.]
1952,2017-09-11,[-1.],[0.]
1953,2017-09-12,[-1.],[0.]
1954,2017-09-13,[-1.],[0.]
1955,2017-09-14,[-1.],[0.]
1956,2017-09-15,[-1.],[0.]
1957,2017-09-18,[-1.],[0.]
1958,2017-09-19,[-1.],[0.]
1959,2017-09-20,[-1.],[0.]
1960,2017-09-21,[-1.],[0.]
1961,2017-09-22,[-1.],[0.]
1962,2017-09-25,[-1.],[0.]
1963,2017-09-26,[-1.],[0.]
1964,2017-09-27,[-1.],[0.]
1965,2017-09-28,[-1.],[0.]
1966,2017-09-29,[-1.],[0.]
1967,2017-10-09,[-1.],[0.]
1968,2017-10-10,[-1.],[0.]
1969,2017-10-11,[-1.],[0.]
1970,2017-10-12,[-1.],[0.]
1971,2017-10-13,[-1.],[0.]
1972,2017-10-16,[-1.],[0.]
1973,2017-10-17,[-1.],[0.]
1974,2017-10-18,[-1.],[0.]
1975,2017-10-19,[-1.],[0.]
1976,2017-10-20,[-1.],[0.]
1977,2017-10-23,[-1.],[0.]
1978,2017-10-24,[-1.],[0.]
1979,2017-10-25,[-1.],[0.]
1980,2017-10-26,[-1.],[0.]
1981,2017-10-27,[-1.],[0.]
1982,2017-10-30,[-1.],[0.]
1983,2017-10-31,[-1.],[0.]
1984,2017-11-01,[-1.],[0.]
1985,2017-11-02,[-1.],[0.]
1986,2017-11-03,[-1.],[0.]
1987,2017-11-06,[-1.],[0.]
1988,2017-11-07,[-1.],[0.]
1989,2017-11-08,[-1.],[0.]
1990,2017-11-09,[-1.],[0.]
1991,2017-11-10,[-1.],[0.]
1992,2017-11-13,[-1.],[0.]
1993,2017-11-14,[-1.],[0.]
1994,2017-11-15,[-1.],[0.]
1995,2017-11-16,[-1.],[0.]
1996,2017-11-17,[-1.],[0.]
1997,2017-11-20,[-1.],[0.]
1998,2017-11-21,[-1.],[0.]
1999,2017-11-22,[-1.],[0.]
2000,2017-11-23,[-1.],[0.]
2001,2017-11-24,[-1.],[0.]
2002,2017-11-27,[-1.],[0.]
2003,2017-11-28,[-1.],[0.]
2004,2017-11-29,[-1.],[0.]
2005,2017-11-30,[-1.],[0.]
2006,2017-12-01,[-1.],[0.]
2007,2017-12-04,[-1.],[0.]
2008,2017-12-05,[-1.],[0.]
2009,2017-12-06,[-1.],[0.]
2010,2017-12-07,[-1.],[0.]
2011,2017-12-08,[-1.],[0.]
2012,2017-12-11,[-1.],[0.]
2013,2017-12-12,[-1.],[0.]
2014,2017-12-13,[-1.],[0.]
2015,2017-12-14,[-1.],[0.]
2016,2017-12-15,[-1.],[0.]
2017,2017-12-18,[-1.],[0.]
2018,2017-12-19,[-1.],[0.]
2019,2017-12-20,[-1.],[0.]
2020,2017-12-21,[-1.],[0.]
2021,2017-12-22,[-1.],[0.]
2022,2017-12-25,[-1.],[0.]
2023,2017-12-26,[-1.],[0.]
2024,2017-12-27,[-1.],[0.]
2025,2017-12-28,[-1.],[0.]
2026,2017-12-29,[-1.],[0.]
2027,2018-01-02,[-1.],[0.]
2028,2018-01-03,[-1.],[0.]
2029,2018-01-04,[-1.],[0.]
2030,2018-01-05,[-1.],[0.]
2031,2018-01-08,[-1.],[0.]
2032,2018-01-09,[-1.],[0.]
2033,2018-01-10,[-1.],[0.]
2034,2018-01-11,[-1.],[0.]
2035,2018-01-12,[-1.],[0.]
2036,2018-01-15,[-1.],[0.]
2037,2018-01-16,[-1.],[0.]
2038,2018-01-17,[-1.],[0.]
2039,2018-01-18,[-1.],[0.]
2040,2018-01-19,[-1.],[0.]
2041,2018-01-22,[-1.],[0.]
2042,2018-01-23,[-1.],[0.]
2043,2018-01-24,[-1.],[0.]
2044,2018-01-25,[-1.],[0.]
2045,2018-01-26,[-1.],[0.]
2046,2018-01-29,[-1.],[0.]
2047,2018-01-30,[-1.],[0.]
2048,2018-01-31,[-1.],[0.]
2049,2018-02-01,[-1.],[0.]
2050,2018-02-02,[-1.],[0.]
2051,2018-02-05,[-1.],[0.]
2052,2018-02-06,[-1.],[0.]
2053,2018-02-07,[-1.],[0.]
2054,2018-02-08,[-1.],[0.]
2055,2018-02-09,[-1.],[0.]
2056,2018-02-12,[-1.],[0.]
2057,2018-02-13,[-1.],[0.]
2058,2018-02-14,[-1.],[0.]
2059,2018-02-22,[-1.],[0.]
2060,2018-02-23,[-1.],[0.]
2061,2018-02-26,[-1.],[0.]
2062,2018-02-27,[-1.],[0.]
2063,2018-02-28,[-1.],[0.]
2064,2018-03-01,[-1.],[0.]
2065,2018-03-02,[-1.],[0.]
2066,2018-03-05,[-1.],[0.]
2067,2018-03-06,[-1.],[0.]
2068,2018-03-07,[-1.],[0.]
2069,2018-03-08,[-1.],[0.]
2070,2018-03-09,[-1.],[0.]
2071,2018-03-12,[-1.],[0.]
2072,2018-03-13,[-1.],[0.]
2073,2018-03-14,[-1.],[0.]
2074,2018-03-15,[-1.],[0.]
2075,2018-03-16,[-1.],[0.]
2076,2018-03-19,[-1.],[0.]
2077,2018-03-20,[-1.],[0.]
2078,2018-03-21,[-1.],[0.]
2079,2018-03-22,[-1.],[0.]
2080,2018-03-23,[-1.],[0.]
2081,2018-03-26,[-1.],[0.]
2082,2018-03-27,[-1.],[0.]
2083,2018-03-28,[-1.],[0.]
2084,2018-03-29,[-1.],[0.]
2085,2018-03-30,[-1.],[0.]
2086,2018-04-02,[-1.],[0.]
2087,2018-04-03,[-1.],[0.]
2088,2018-04-04,[-1.],[0.]
2089,2018-04-09,[-1.],[0.]
2090,2018-04-10,[-1.],[0.]
2091,2018-04-11,[-1.],[0.]
2092,2018-04-12,[-1.],[0.]
2093,2018-04-13,[-1.],[0.]
2094,2018-04-16,[-1.],[0.]
2095,2018-04-17,[-1.],[0.]
2096,2018-04-18,[-1.],[0.]
2097,2018-04-19,[-1.],[0.]
2098,2018-04-20,[-1.],[0.]
2099,2018-04-23,[-1.],[0.]
2100,2018-04-24,[-1.],[0.]
2101,2018-04-25,[-1.],[0.]
2102,2018-04-26,[-1.],[0.]
2103,2018-04-27,[-1.],[0.]
2104,2018-05-02,[-1.],[0.]
2105,2018-05-03,[-1.],[0.]
2106,2018-05-04,[-1.],[0.]
2107,2018-05-07,[-1.],[0.]
2108,2018-05-08,[-1.],[0.]
2109,2018-05-09,[-1.],[0.]
2110,2018-05-10,[-1.],[0.]
2111,2018-05-11,[-1.],[0.]
2112,2018-05-14,[-1.],[0.]
2113,2018-05-15,[-1.],[0.]
2114,2018-05-16,[-1.],[0.]
2115,2018-05-17,[-1.],[0.]
2116,2018-05-18,[-1.],[0.]
2117,2018-05-21,[-1.],[0.]
2118,2018-05-22,[-1.],[0.]
2119,2018-05-23,[-1.],[0.]
2120,2018-05-24,[-1.],[0.]
2121,2018-05-25,[-1.],[0.]
2122,2018-05-28,[-1.],[0.]
2123,2018-05-29,[-1.],[0.]
2124,2018-05-30,[-1.],[0.]
2125,2018-05-31,[-1.],[0.]
2126,2018-06-01,[-1.],[0.]
2127,2018-06-04,[-1.],[0.]
2128,2018-06-05,[-1.],[0.]
2129,2018-06-06,[-1.],[0.]
2130,2018-06-07,[-1.],[0.]
2131,2018-06-08,[-1.],[0.]
2132,2018-06-11,[-1.],[0.]
2133,2018-06-12,[-1.],[0.]
2134,2018-06-13,[-1.],[0.]
2135,2018-06-14,[-1.],[0.]
2136,2018-06-15,[-1.],[0.]
2137,2018-06-19,[-1.],[0.]
2138,2018-06-20,[-1.],[0.]
2139,2018-06-21,[-1.],[0.]
2140,2018-06-22,[-1.],[0.]
2141,2018-06-25,[-1.],[0.]
2142,2018-06-26,[-1.],[0.]
2143,2018-06-27,[-1.],[0.]
2144,2018-06-28,[-1.],[0.]
2145,2018-06-29,[-1.],[0.]
2146,2018-07-02,[-1.],[0.]
2147,2018-07-03,[-1.],[0.]
2148,2018-07-04,[-1.],[0.]
2149,2018-07-05,[-1.],[0.]
2150,2018-07-06,[-1.],[0.]
2151,2018-07-09,[-1.],[0.]
2152,2018-07-10,[-1.],[0.]
2153,2018-07-11,[-1.],[0.]
2154,2018-07-12,[-1.],[0.]
2155,2018-07-13,[-1.],[0.]
2156,2018-07-16,[-1.],[0.]
2157,2018-07-17,[-1.],[0.]
2158,2018-07-18,[-1.],[0.]
2159,2018-07-19,[-1.],[0.]
2160,2018-07-20,[-1.],[0.]
2161,2018-07-23,[-1.],[0.]
2162,2018-07-24,[-1.],[0.]
2163,2018-07-25,[-1.],[0.]
2164,2018-07-26,[-1.],[0.]
2165,2018-07-27,[-1.],[0.]
2166,2018-07-30,[-1.],[0.]
2167,2018-07-31,[-1.],[0.]
2168,2018-08-01,[-1.],[0.]
2169,2018-08-02,[-1.],[0.]
2170,2018-08-03,[-1.],[0.]
2171,2018-08-06,[-1.],[0.]
2172,2018-08-07,[-1.],[0.]
2173,2018-08-08,[-1.],[0.]
2174,2018-08-09,[-1.],[0.]
2175,2018-08-10,[-1.],[0.]
2176,2018-08-13,[-1.],[0.]
2177,2018-08-14,[-1.],[0.]
2178,2018-08-15,[-1.],[0.]
2179,2018-08-16,[-1.],[0.]
2180,2018-08-17,[-1.],[0.]
2181,2018-08-20,[-1.],[0.]
2182,2018-08-21,[-1.],[0.]
2183,2018-08-22,[-1.],[0.]
2184,2018-08-23,[-1.],[0.]
2185,2018-08-24,[-1.],[0.]
2186,2018-08-27,[-1.],[0.]
2187,2018-08-28,[-1.],[0.]
2188,2018-08-29,[-1.],[0.]
2189,2018-08-30,[-1.],[0.]
2190,2018-08-31,[-1.],[0.]
2191,2018-09-03,[-1.],[0.]
2192,2018-09-04,[-1.],[0.]
2193,2018-09-05,[-1.],[0.]
2194,2018-09-06,[-1.],[0.]
2195,2018-09-07,[-1.],[0.]
2196,2018-09-10,[-1.],[0.]
2197,2018-09-11,[-1.],[0.]
2198,2018-09-12,[-1.],[0.]
2199,2018-09-13,[-1.],[0.]
2200,2018-09-14,[-1.],[0.]
2201,2018-09-17,[-1.],[0.]
2202,2018-09-18,[-1.],[0.]
2203,2018-09-19,[-1.],[0.]
2204,2018-09-20,[-1.],[0.]
2205,2018-09-21,[-1.],[0.]
2206,2018-09-25,[-1.],[0.]
2207,2018-09-26,[-1.],[0.]
2208,2018-09-27,[-1.],[0.]
2209,2018-09-28,[-1.],[0.]
2210,2018-10-08,[-1.],[0.]
2211,2018-10-09,[-1.],[0.]
2212,2018-10-10,[-1.],[0.]
2213,2018-10-11,[-1.],[0.]
2214,2018-10-12,[-1.],[0.]
2215,2018-10-15,[-1.],[0.]
2216,2018-10-16,[-1.],[0.]
2217,2018-10-17,[-1.],[0.]
2218,2018-10-18,[-1.],[0.]
2219,2018-10-19,[-1.],[0.]
2220,2018-10-22,[-1.],[0.]
2221,2018-10-23,[-1.],[0.]
2222,2018-10-24,[-1.],[0.]
2223,2018-10-25,[-1.],[0.]
2224,2018-10-26,[-1.],[0.]
2225,2018-10-29,[-1.],[0.]
2226,2018-10-30,[-1.],[0.]
2227,2018-10-31,[-1.],[0.]
2228,2018-11-01,[-1.],[0.]
2229,2018-11-02,[-1.],[0.]
2230,2018-11-05,[-1.],[0.]
2231,2018-11-06,[-1.],[0.]
2232,2018-11-07,[-1.],[0.]
2233,2018-11-08,[-1.],[0.]
2234,2018-11-09,[-1.],[0.]
2235,2018-11-12,[-1.],[0.]
2236,2018-11-13,[-1.],[0.]
2237,2018-11-14,[-1.],[0.]
2238,2018-11-15,[-1.],[0.]
2239,2018-11-16,[-1.],[0.]
2240,2018-11-19,[-1.],[0.]
2241,2018-11-20,[-1.],[0.]
2242,2018-11-21,[-1.],[0.]
2243,2018-11-22,[-1.],[0.]
2244,2018-11-23,[-1.],[0.]
2245,2018-11-26,[-1.],[0.]
2246,2018-11-27,[-1.],[0.]
2247,2018-11-28,[-1.],[0.]
2248,2018-11-29,[-1.],[0.]
2249,2018-11-30,[-1.],[0.]
2250,2018-12-03,[-1.],[0.]
2251,2018-12-04,[-1.],[0.]
2252,2018-12-05,[-1.],[0.]
2253,2018-12-06,[-1.],[0.]
2254,2018-12-07,[-1.],[0.]
2255,2018-12-10,[-1.],[0.]
2256,2018-12-11,[-1.],[0.]
2257,2018-12-12,[-1.],[0.]
2258,2018-12-13,[-1.],[0.]
2259,2018-12-14,[-1.],[0.]
2260,2018-12-17,[-1.],[0.]
2261,2018-12-18,[-1.],[0.]
2262,2018-12-19,[-1.],[0.]
2263,2018-12-20,[-1.],[0.]
2264,2018-12-21,[-1.],[0.]
2265,2018-12-24,[-1.],[0.]
2266,2018-12-25,[-1.],[0.]
2267,2018-12-26,[-1.],[0.]
2268,2018-12-27,[-1.],[0.]
2269,2018-12-28,[-1.],[0.]
