date,close,episode,actions,transactions,total_assets,reward,assets_baseline,landmark,best_reward,landmark2,regret,actions_signal
2016-03-24,4.332,15,0.05270654,[59.35019684],1000000.0,-0.038171163161894,975566.4,-,1000000.0,-,1.0,^
2016-03-25,4.2827,15,0.04884902,[56.38160324],999992.7817756452,-0.038171163161894,964464.04,,1000000.0,-,0.9999927817756452,^
2016-03-28,4.2434,15,0.0467893,[54.62593842],999986.3434625856,-0.038171163161894,955613.68,,1000000.0,-,0.9999863434625856,^
2016-03-29,4.1646,15,0.04884902,[57.55882263],999978.9465639436,-0.038171163161894,937867.92,,1000000.0,-,0.9999789465639436,^
2016-03-30,4.2827,15,0.04884902,[58.64791489],999960.2540036028,-0.038171163161894,964464.04,,1000000.0,-,0.9999602540036028,^
2016-03-31,4.3221,15,0.05270654,[61.53423691],999993.3645329012,-0.038171163161894,973336.92,,1000000.0,-,0.9999933645329012,^
2016-04-01,4.4698,15,0.0467893,[54.12797165],1000006.2890241608,-0.038171163161894,1006598.96,^,1000000.0,^,1.0000062890241608,^
2016-04-05,4.4698,15,0.04867769,[54.45174789],1000064.996065953,-0.038171163161894,1006598.96,,1000000.0,-,1.0000649960659531,^
2016-04-06,4.4206,15,0.04829024,[54.01834488],1000064.265900685,-0.038171163161894,995519.12,,1000000.0,-,1.000064265900685,^
2016-04-07,4.3418,15,0.05270654,[59.61468506],1000038.4152656458,-0.038171163161894,977773.36,,1000000.0,-,1.0000384152656459,^
2016-04-08,4.2729,15,0.05270654,[60.69664383],999992.6841243784,-0.038171163161894,962257.08,,1000000.0,-,0.9999926841243784,^
2016-04-11,4.3418,15,0.04884902,[57.16143799],999948.4170677944,-0.038171163161894,977773.36,,1000000.0,-,0.9999484170677944,^
2016-04-12,4.3123,15,0.04884902,[56.25434113],999995.099214066,-0.038171163161894,971129.96,,1000000.0,-,0.999995099214066,^
2016-04-13,4.3713,15,0.05082395,[58.92905045],999972.4059741534,-0.038171163161894,984416.76,,1000000.0,-,0.9999724059741534,^
2016-04-14,4.4009,15,0.04902789,[56.07929611],1000019.0414381324,-0.038171163161894,991082.68,,1000000.0,-,1.0000190414381325,^
2016-04-15,4.3516,15,0.05082395,[57.7426796],1000043.7452139156,-0.038171163161894,979980.32,,1000000.0,-,1.0000437452139157,^
2016-04-18,4.2827,15,0.04884902,[56.12765503],999997.7661315028,-0.038171163161894,964464.04,,1000000.0,-,0.9999977661315028,^
2016-04-19,4.263,15,0.04884902,[57.03063583],999929.972849358,-0.038171163161894,960027.6,,1000000.0,-,0.999929972849358,^
2016-04-20,4.1252,15,0.05082395,[59.61054611],999908.942549959,-0.038171163161894,928995.04,v,1000000.0,v,0.9999089425499591,^
2016-04-21,4.0858,15,0.0467893,[56.71155548],999757.9859421452,-0.038171163161894,920122.16,,990449.4399999998,-,1.0093983050181192,^
2016-04-22,4.0661,15,0.05082395,[62.19583893],999712.1058836434,-0.038171163161894,915685.72,,985674.1599999998,-,1.0142419741262605,^
2016-04-25,4.0169,15,0.05082395,[62.49717331],999687.5291568524,-0.038171163161894,904605.88,,973748.0799999998,-,1.0266387679622972,^
2016-04-26,4.0268,15,0.05084391,[63.28749084],999624.2164604268,-0.038171163161894,906835.36,,976147.8399999999,-,1.024050021419324,^
2016-04-27,4.0268,15,0.05084391,[63.13189697],999636.6666963504,-0.038171163161894,906835.36,,976147.8399999999,-,1.0240627758766034,^
2016-04-28,4.0071,15,0.038537,[47.8506546],999635.904037782,-0.038171163161894,902398.92,,971372.5599999999,-,1.0290962965206492,^
2016-04-29,3.9775,15,0.038537,[48.08589935],999606.8473010696,-0.038171163161894,895733.0,,964197.5199999999,-,1.036724142685069,^
2016-05-03,4.0563,15,0.03649142,[45.87230682],999562.0556000118,-0.038171163161894,913478.76,,983298.64,-,1.016539650253164,^
2016-05-04,4.0563,15,0.04884902,[60.21376801],999682.826862016,-0.038171163161894,913478.76,,983298.64,-,1.0166624728190572,^
2016-05-05,4.0563,15,0.04732698,[58.3376236],999682.0941266944,-0.038171163161894,913478.76,,983298.64,-,1.016661727638202,^
2016-05-06,3.9578,15,0.038537,[47.50265503],999681.3842219868,-0.038171163161894,891296.56,,959422.24,-,1.0419618626122182,^
2016-05-09,3.8594,15,0.05270654,[66.58564758],999512.8015517032,-0.038171163161894,869136.88,,935570.0799999998,-,1.0683462660025462,^
2016-05-10,3.8692,15,0.04559566,[59.07092285],999337.6248737894,-0.038171163161894,871343.8400000001,,937945.6,-,1.0654537159444954,^
2016-05-11,3.8791,15,0.038537,[49.79970169],999354.8875532123,-0.038171163161894,873573.3200000001,,940345.36,-,1.062753037408737,^
2016-05-12,3.8692,15,0.038537,[49.67260742],999372.9322583422,-0.038171163161894,871343.8400000001,,937945.6,-,1.065491359262565,^
2016-05-13,3.8495,15,0.03119184,[40.30786896],999353.2396843472,-0.038171163161894,866907.4,,933170.3199999998,-,1.0709226582392242,^
2016-05-16,3.8791,15,0.01898705,[24.66170883],999313.9417797372,-0.038171163161894,873573.3200000001,,940345.36,-,1.0627094940732598,^
2016-05-17,3.8594,15,0.03119184,[40.20499802],999372.7305544278,-0.038171163161894,869136.88,,935570.0799999998,-,1.0681965487336107,^
2016-05-18,3.82,15,0.01898705,[24.5984478],999332.1547756892,-0.038171163161894,860264.0,,926019.5199999999,-,1.0791696429635622,^
2016-05-19,3.8102,15,0.03734599,[48.88218689],999250.6849888668,-0.038171163161894,858057.04,,923643.9999999999,-,1.081856954615487,^
2016-05-20,3.8102,15,0.03119184,[40.93202972],999229.4525349304,-0.038171163161894,858057.04,,923643.9999999999,-,1.0818339669125014,^
2016-05-23,3.8397,15,0.03119184,[40.93202972],999228.9846572716,-0.038171163161894,864700.4400000001,,930794.7999999999,-,1.073522310886644,^
2016-05-24,3.8102,15,0.03119184,[40.6175499],999293.1595030596,-0.038171163161894,858057.04,,923643.9999999999,-,1.0819029404219156,^
2016-05-25,3.8102,15,0.01898705,[24.91608047],999226.8506842715,-0.038171163161894,858057.04,,923643.9999999999,-,1.0818311499714952,^
2016-05-26,3.82,15,0.01898705,[24.91608047],999226.5658785223,-0.038171163161894,860264.0,,926019.5199999999,-,1.0790556184803992,^
2016-05-27,3.8102,15,0.0306518,[40.12015533],999248.642011796,-0.038171163161894,858057.04,,923643.9999999999,-,1.0818547427491503,^
2016-05-30,3.8298,15,0.01898705,[24.91608047],999225.4281182706,-0.038171163161894,862470.9600000001,,928395.0399999999,-,1.0762933719661736,^
2016-05-31,3.9381,15,0.03119184,[40.72254944],999271.1399007896,-0.038171163161894,886860.12,,954646.9599999998,-,1.0467441701179143,^
2016-06-01,3.9086,15,0.03899863,[49.51453018],999529.2368930636,-0.038171163161894,880216.72,,947496.1599999999,-,1.0549163987039945,^
2016-06-02,3.8988,15,0.0391959,[50.14058685],999456.7603608276,-0.038171163161894,878009.76,,945120.6399999999,-,1.0574912006586035,^
2016-06-03,3.9086,15,0.03119184,[40.00185013],999431.7984270687,-0.038171163161894,880216.72,,947496.1599999999,-,1.0548135608560871,^
2016-06-06,3.8988,15,0.03119184,[39.90155411],999456.0965628258,-0.038171163161894,878009.76,,945120.6399999999,-,1.0574904983165174,^
2016-06-07,3.8791,15,0.01898705,[24.34986305],999430.4716365556,-0.038171163161894,873573.3200000001,,940345.36,-,1.062833416476427,^
2016-06-08,3.8594,15,0.01898705,[24.47352409],999379.1363366832,-0.038171163161894,869136.88,,935570.0799999998,-,1.0682033956629773,^
2016-06-13,3.7806,15,0.0247462,[32.05965042],999327.3189083824,-0.038171163161894,851391.12,,916468.96,-,1.090410436713953,^
2016-06-14,3.8003,15,0.0391959,[51.83819962],999118.2909246496,-0.038171163161894,855827.56,,921244.2399999999,-,1.0845313843423865,^
2016-06-15,3.82,15,0.01898705,[24.98098755],999170.8883963616,-0.038171163161894,860264.0,,926019.5199999999,-,1.0789954928772578,^
2016-06-16,3.7806,15,0.03119184,[40.82701874],999224.28112628,-0.038171163161894,851391.12,,916468.96,-,1.0902980076120419,^
2016-06-17,3.7806,15,0.03874791,[51.24572372],999114.8495927886,-0.038171163161894,851391.12,,916468.96,-,1.0901786020039224,^
2016-06-20,3.7806,15,0.04359203,[57.65226746],999114.2683740392,-0.038171163161894,851391.12,,916468.96,-,1.090177967810322,^
2016-06-21,3.7609,15,0.03517898,[46.52565765],999113.6144935522,-0.038171163161894,846954.6799999999,,911693.6799999999,-,1.0958873977206383,^
2016-06-22,3.7708,15,0.04057986,[53.94966507],999055.543135038,-0.038171163161894,849184.16,,914093.4399999998,-,1.0929468470258776,^
2016-06-23,3.7806,15,0.03517898,[46.64657211],999084.3864256748,-0.038171163161894,851391.12,,916468.96,-,1.0901453622888382,^
2016-06-24,3.7609,15,0.04042367,[53.46197128],999113.4703710882,-0.038171163161894,846954.6799999999,,911693.6799999999,-,1.0958872396385246,^
2016-06-27,3.7905,15,0.04359203,[57.95425415],999052.2853955852,-0.038171163161894,853620.6000000001,,918868.72,-,1.0872633529146418,^
2016-06-28,3.7905,15,0.0391959,[51.70280838],999144.3686446644,-0.038171163161894,853620.6000000001,,918868.72,-,1.0873635666307853,^
2016-06-29,3.8003,15,0.04359203,[57.50168991],999143.780706179,-0.038171163161894,855827.56,,921244.2399999999,-,1.0845590532063236,^
2016-06-30,3.81,15,0.05166819,[67.97909546],999174.9005389008,-0.038171163161894,858012.0,,923595.5199999999,-,1.0818316881170027,^
2016-07-01,3.82,15,0.04498558,[59.03619385],999206.2344048826,-0.038171163161894,860264.0,,926019.5199999999,-,1.079033662708193,^
2016-07-04,3.87,15,0.04056269,[53.09252548],999239.2519303948,-0.038171163161894,871524.0,,938139.5199999999,-,1.065128619600627,^
2016-07-05,3.91,15,0.05166819,[66.75476837],999409.7596623664,-0.038171163161894,880532.0,,947835.5199999999,-,1.0544126471039685,^
2016-07-06,3.91,15,0.05166819,[66.07185364],999548.5477680914,-0.038171163161894,880532.0,,947835.5199999999,-,1.0545590734646573,^
2016-07-07,3.94,15,0.05166819,[66.07185364],999547.7727452484,-0.038171163161894,887288.0,,955107.5199999999,-,1.046529057529825,^
2016-07-08,3.91,15,0.05166819,[65.56876373],999655.6343800628,-0.038171163161894,880532.0,,947835.5199999999,-,1.0546720536281051,^
2016-07-11,3.9,15,0.04884902,[62.4667778],999544.255636706,-0.038171163161894,878280.0,,945411.5199999999,-,1.0572583837741962,^
2016-07-12,4.05,15,0.05270654,[67.57248688],999506.0303267678,-0.038171163161894,912060.0,,981771.5199999999,-,1.0180637856828114,^
2016-07-13,4.34,15,0.04703401,[58.06668472],1000077.7642212212,-0.038171163161894,977368.0,/,1052067.52,-,0.9505832517491094,^
2016-07-14,4.26,15,0.04603259,[53.0329361],1001200.7787351682,-0.038171163161894,959352.0,,1032675.5199999999,-,0.9695211703431957,^
2016-07-15,4.25,15,0.04829024,[56.67868423],1000885.853880648,-0.038171163161894,957100.0,,1030251.5199999999,-,0.971496604907361,^
2016-07-18,4.29,15,0.05270654,[62.00769043],1000845.2834445096,-0.038171163161894,966108.0,,1039947.5199999999,-,0.9623997982556944,^
2016-07-19,4.24,15,0.04829024,[56.28233337],1001006.3574842892,-0.038171163161894,954848.0,,1027827.5199999999,-,0.9739049967102353,^
2016-07-20,4.21,15,0.05270654,[62.15393448],1000800.4882166992,-0.038171163161894,948092.0,,1020555.5199999999,-,0.9806428642086021,^
2016-07-21,4.21,15,0.05082395,[60.3609848],1000674.7460522426,-0.038171163161894,948092.0,,1020555.5199999999,-,0.9805196546800733,^
2016-07-22,4.2,15,0.05082395,[60.3609848],1000673.9836930044,-0.038171163161894,945840.0,,1018131.5199999999,-,0.9828533583686756,^
2016-07-25,4.16,15,0.05082395,[60.50470352],1000630.3635919336,-0.038171163161894,936832.0,,1008435.5199999999,-,0.992260133391507,^
2016-07-26,4.29,15,0.03502288,[42.09481049],1000455.7500771976,-0.038171163161894,966108.0,,1039947.5199999999,-,0.9620252280395819,^
2016-07-27,4.33,15,0.04902789,[57.14205933],1001025.7133146093,-0.038171163161894,975116.0,,1049643.52,-,0.9536816016494907,^
2016-07-28,4.4,15,0.04867769,[56.20979691],1001202.79852657,-0.038171163161894,990880.0,,1066611.52,-,0.9386761531757786,^
2016-07-29,4.26,15,0.04867769,[55.31555176],1001517.189150054,-0.038171163161894,959352.0,,1032675.5199999999,-,0.9698275690219268,^
2016-08-01,4.19,15,0.05270654,[61.86213303],1000878.4732300328,-0.038171163161894,943588.0,,1015707.52,-,0.9854002786452076,^
2016-08-02,4.24,15,0.05082395,[60.64910507],1000554.359405292,-0.038171163161894,954848.0,,1027827.5199999999,-,0.973465236078999,^
2016-08-03,4.26,15,0.02598993,[30.64850807],1000787.5746632096,-0.038171163161894,959352.0,,1032675.5199999999,-,0.9691210407149089,^
2016-08-04,4.28,15,0.05082395,[59.65252304],1000881.3888312158,-0.038171163161894,963856.0,,1037523.52,-,0.9646830838410446,^
2016-08-05,4.24,15,0.04597827,[53.7129364],1000976.0235394608,-0.038171163161894,954848.0,,1027827.5199999999,-,0.9738754840301036,^
2016-08-08,4.25,15,0.03275984,[38.63188553],1000782.391212922,-0.038171163161894,957100.0,,1030251.5199999999,-,0.9713961802385132,^
2016-08-09,4.25,15,0.03502288,[41.20339203],1000830.5217973024,-0.038171163161894,957100.0,,1030251.5199999999,-,0.9714428975531164,^
2016-08-10,4.27,15,0.04294394,[50.52228546],1000829.996454054,-0.038171163161894,961604.0,,1035099.5199999998,-,0.9668925326658969,^
2016-08-11,4.22,15,0.05082395,[59.5128212],1000928.4307723924,-0.038171163161894,950344.0,,1022979.5199999998,-,0.9784442515255757,^
2016-08-12,4.29,15,0.03247057,[38.47223663],1000676.996578398,-0.038171163161894,966108.0,,1039947.5199999999,-,0.962237975795546,^
2016-08-15,4.42,15,0.04732698,[55.15965271],1001030.1431451036,-0.038171163161894,995384.0,,1071459.52,-,0.934267813631544,^
2016-08-16,4.48,15,0.04867769,[55.06525421],1001693.3521563506,-0.038171163161894,1008896.0,,1086003.52,-,0.9223665795819433,^
2016-08-17,4.44,15,0.04867769,[54.32777405],1002002.3500213987,-0.038171163161894,999888.0,,1076307.52,-,0.930962881334694,^
2016-08-18,4.57,15,0.05270654,[59.3542099],1001792.9613916076,-0.038171163161894,1029164.0,,1107819.52,-,0.9042925705006603,^
2016-08-19,4.56,15,0.04867769,[53.25786209],1002478.02685047,-0.038171163161894,1026912.0,,1105395.52,-,0.9068953227261768,^
2016-08-22,4.46,15,0.0467893,[51.30405807],1002424.0059483338,-0.038171163161894,1004392.0,,1081155.52,-,0.9271783637087971,^
2016-08-23,4.42,15,0.04884902,[54.76347733],1001885.2663345428,-0.038171163161894,995384.0,,1071459.52,-,0.9350659055552026,^
2016-08-24,4.38,15,0.04884902,[55.25907135],1001667.1279504125,-0.038171163161894,986376.0,,1061763.52,-,0.9433994567362913,^
2016-08-25,4.33,15,0.04732698,[54.02623367],1001446.7792034684,-0.038171163161894,975116.0,,1049643.52,-,0.9540827529745226,^
2016-08-26,4.34,15,0.04884902,[56.40764618],1001168.8479725022,-0.038171163161894,977368.0,,1052067.52,-,0.9516203370412026,^
2016-08-29,4.26,15,0.04732698,[54.52416992],1001224.1235788914,-0.038171163161894,959352.0,,1032675.5199999999,-,0.9695437765183893,^
2016-08-30,4.28,15,0.05270654,[61.86213303],1000770.9850069016,-0.038171163161894,963856.0,,1037523.52,-,0.964576672928727,^
2016-08-31,4.28,15,0.03247057,[37.9329071],1000884.5388183264,-0.038171163161894,963856.0,,1037523.52,-,0.9646861199043723,^
2016-09-01,4.23,15,0.03247057,[37.9329071],1000884.0517597992,-0.038171163161894,952596.0,,1025403.52,-,0.9760879812074365,^
2016-09-02,4.23,15,0.04884902,[57.74115753],1000593.9103868495,-0.038171163161894,952596.0,,1025403.52,-,0.9758050278458665,^
2016-09-05,4.24,15,0.03247057,[38.38128662],1000593.1776515604,-0.038171163161894,954848.0,,1027827.5199999999,-,0.9735030033556219,^
2016-09-06,4.28,15,0.03247057,[38.29076385],1000651.5826803594,-0.038171163161894,963856.0,,1037523.52,-,0.964461588957867,^
2016-09-07,4.27,15,0.04982145,[58.20262909],1000888.1956017016,-0.038171163161894,961604.0,,1035099.5199999998,-,0.9669487583200713,^
2016-09-08,4.27,15,0.05082395,[59.5128212],1000827.5912586884,-0.038171163161894,961604.0,,1035099.5199999998,-,0.9668902090290686,^
2016-09-09,4.24,15,0.03247057,[38.02174377],1000826.8288994492,-0.038171163161894,954848.0,,1027827.5199999999,-,0.9737303287028638,^
2016-09-12,4.16,15,0.03247057,[38.29076385],1000643.8447401955,-0.038171163161894,936832.0,,1008435.5199999999,-,0.9922735017705402,^
2016-09-13,4.13,15,0.05270654,[63.3492012],1000153.6354853292,-0.038171163161894,930076.0,,1001163.5199999999,-,0.9989912891405884,^
2016-09-14,4.09,15,0.03247057,[39.31061554],999967.298587631,-0.038171163161894,921068.0,,991467.5199999999,-,1.0085729269150754,^
2016-09-19,4.11,15,0.03247057,[39.69507217],999717.8440382598,-0.038171163161894,925572.0,,996315.52,-,1.0034149061918254,^
2016-09-20,4.08,15,0.02802517,[34.09388733],999842.63462659,-0.038171163161894,918816.0,,989043.5199999999,-,1.0109187456448732,^
2016-09-21,4.09,15,0.03247057,[39.79236221],999653.2749620408,-0.038171163161894,921068.0,,991467.5199999999,-,1.0082562008305032,^
2016-09-22,4.11,15,0.03247057,[39.69507217],999716.1655894556,-0.038171163161894,925572.0,,996315.52,-,1.0034132215359404,^
2016-09-23,4.19,15,0.03247057,[39.50190735],999843.2278042202,-0.038171163161894,943588.0,,1015707.52,-,0.9843810428854757,^
2016-09-26,4.11,15,0.0467893,[55.83448792],1000356.0979914912,-0.038171163161894,925572.0,,996315.52,-,1.004055520475573,^
2016-09-27,4.13,15,0.04126703,[50.20319366],999837.5721471562,-0.038171163161894,930076.0,,1001163.5199999999,-,0.9986755931210481,^
2016-09-28,4.18,15,0.02575686,[31.18264008],999967.413206857,-0.038171163161894,941336.0,,1013283.5199999998,-,0.9868584591278631,^
2016-09-29,4.17,15,0.04744295,[56.74993896],1000294.7361486471,-0.038171163161894,939084.0,,1010859.5199999999,-,0.989548712118423,^
2016-09-30,4.15,15,0.02575686,[30.88352585],1000227.9151460828,-0.038171163161894,934580.0,,1006011.52,-,0.9942509556412263,^
2016-10-10,4.36,15,0.02993296,[36.06380081],1000094.692405998,-0.038171163161894,981872.0,,1056915.52,-,0.9462390072633222,^
2016-10-11,4.8,15,0.04757455,[54.55796432],1001496.5988752017,-0.038171163161894,1080960.0,/,1163571.52,-,0.8607091026731228,^
2016-10-12,4.73,15,0.04603259,[47.95061493],1004458.1593515716,-0.038171163161894,1065196.0,,1146603.52,-,0.8760291956469587,^
2016-10-13,4.72,15,0.04603259,[48.66024399],1003982.8414409944,-0.038171163161894,1062944.0,,1144179.52,-,0.8774696836393246,^
2016-10-14,5.17,15,0.04867769,[51.56534576],1003913.8604323034,-0.038171163161894,1164284.0,/,1253259.52,-,0.8010422776858726,^
2016-10-17,5.06,15,0.04603259,[44.51894379],1007009.408064897,-0.038171163161894,1139512.0,,1226595.52,-,0.8209791994551693,^
2016-10-18,5.11,15,0.04603259,[45.48674774],1006246.9525861116,-0.038171163161894,1150772.0,,1238715.52,-,0.8123309479371918,^
2016-10-19,5.3,15,0.04941108,[48.34743881],1006594.7932482896,-0.038171163161894,1193560.0,,1284771.52,-,0.7834815588442446,^
2016-10-20,5.3,15,0.04603259,[43.42697144],1007927.6564692596,-0.038171163161894,1193560.0,,1284771.52,-,0.7845189909481023,^
2016-10-21,5.36,15,0.04938126,[46.5860939],1007926.9659804138,-0.038171163161894,1207072.0,,1299315.52,-,0.7757368787378248,^
2016-10-24,5.33,15,0.04938126,[46.06460571],1008352.7642729802,-0.038171163161894,1200316.0,,1292043.52,-,0.7804325076240313,^
2016-10-25,5.27,15,0.04938126,[46.32388306],1008137.3721102192,-0.038171163161894,1186804.0,,1277499.52,-,0.7891489243848946,^
2016-10-26,5.34,15,0.04938126,[46.85128784],1007704.5490705436,-0.038171163161894,1202568.0,,1294467.52,-,0.7784703235122837,^
2016-10-27,5.18,15,0.04938126,[46.23713303],1008211.1839827484,-0.038171163161894,1166536.0,,1255683.52,-,0.802918225750664,^
2016-10-28,5.13,15,0.05079082,[49.02589035],1007043.3295944436,-0.038171163161894,1155276.0,,1243563.52,-,0.8098044960296387,^
2016-10-31,5.13,15,0.0493,[48.05067825],1006675.393415892,-0.038171163161894,1155276.0,,1243563.52,-,0.8095086235851402,^
2016-11-01,5.19,15,0.05082395,[49.53601456],1006674.6539159538,-0.038171163161894,1168788.0,,1258107.52,-,0.8001499378335755,^
2016-11-02,5.09,15,0.0493,[47.49517822],1007120.3559377168,-0.038171163161894,1146268.0,,1233867.52,-,0.8162305430794683,^
2016-11-03,5.27,15,0.04651983,[45.69728088],1006370.7596182576,-0.038171163161894,1186804.0,,1277499.52,-,0.7877660569440039,^
2016-11-04,5.4,15,0.05222989,[49.55398178],1007726.2296064994,-0.038171163161894,1216080.0,,1309011.52,-,0.7698375562092069,^
2016-11-07,5.39,15,0.04941108,[45.75099945],1008711.3426875884,-0.038171163161894,1213828.0,,1306587.52,-,0.7720197286803936,^
2016-11-08,5.31,15,0.04932442,[45.75549316],1008634.3058168228,-0.038171163161894,1195812.0,,1287195.52,-,0.7835905968790373,^
2016-11-09,5.18,15,0.04932442,[46.44483948],1008019.5398744486,-0.038171163161894,1166536.0,,1255683.52,-,0.8027656044051996,^
2016-11-10,5.22,15,0.04932442,[47.61044312],1007014.9698054426,-0.038171163161894,1175544.0,,1265379.52,-,0.7958205059344113,^
2016-11-11,5.3,15,0.04522123,[43.31535339],1007325.0051884851,-0.038171163161894,1193560.0,,1284771.52,-,0.7840499182208562,^
2016-11-14,5.55,15,0.05079082,[47.91587067],1007949.3425969796,-0.038171163161894,1249860.0,/,1345371.52,-,0.7491977699936592,^
2016-11-15,5.42,15,0.04941108,[44.51448822],1009913.7338489548,-0.038171163161894,1220584.0,,1313859.52,-,0.7686618839196406,^
2016-11-16,5.71,15,0.051054,[47.09778214],1008885.3261798116,-0.038171163161894,1285892.0,,1384155.52,-,0.7288814815981166,^
2016-11-17,5.97,15,0.04941108,[43.26714706],1011190.705540887,-0.038171163161894,1344444.0,/,1447179.52,-,0.6987320450339755,^
2016-11-18,5.93,15,0.04941108,[41.38281631],1013268.7922620784,-0.038171163161894,1335436.0,,1437483.52,-,0.7048907192077433,^
2016-11-21,5.93,15,0.04938126,[41.6368103],1012946.5761081978,-0.038171163161894,1335436.0,,1437483.52,-,0.7046665662700591,^
2016-11-22,5.98,15,0.0493,[41.56829453],1012945.8353893424,-0.038171163161894,1346696.0,,1449603.52,-,0.6987744037689301,^
2016-11-23,5.8,15,0.05019401,[41.9682312],1013351.0998791748,-0.038171163161894,1306160.0,,1405971.52,-,0.7207479564587302,^
2016-11-24,5.82,15,0.04938126,[42.57004929],1011881.17832424,-0.038171163161894,1310664.0,,1410819.52,-,0.7172293578162571,^
2016-11-25,5.93,15,0.0493,[42.3539505],1012044.5299669089,-0.038171163161894,1335436.0,,1437483.52,-,0.7040390487168221,^
2016-11-28,6.05,15,0.0493,[41.56829453],1012950.9573898838,-0.038171163161894,1362460.0,,1466571.52,-,0.6906931871893188,^
2016-11-29,6.15,15,0.04938126,[40.81095886],1013944.8427284864,-0.038171163161894,1384980.0,,1490811.52,-,0.6801294658150256,^
2016-11-30,6.66,15,0.05019401,[40.80813599],1014777.037137604,-0.038171163161894,1499832.0,/,1614435.52,-,0.6285646125635318,^
2016-12-01,7.33,15,0.04603259,[34.55900192],1019045.0655297564,-0.038171163161894,1650716.0,^,1776843.52,^,0.5735142425652409,^
2016-12-02,6.84,15,0.04603259,[31.40012932],1024675.5363810392,-0.038171163161894,1540368.0,v,1776843.52,v,0.5766830476895564,^
2016-12-05,6.78,15,0.04603259,[33.64955521],1020541.1478039502,-0.038171163161894,1526856.0,,1761261.52,-,0.5794375998199008,^
2016-12-06,6.64,15,0.04941108,[36.4388504],1020032.2712289188,-0.038171163161894,1495328.0,,1724903.52,-,0.5913561305903757,^
2016-12-07,6.56,15,0.05019401,[37.79669189],1018840.6610892748,-0.038171163161894,1477312.0,,1704127.52,-,0.5978664443428945,^
2016-12-08,7.01,15,0.04938126,[37.63815308],1018156.3878875768,-0.038171163161894,1578652.0,,1820992.52,-,0.5591216749685368,^
2016-12-09,7.01,15,0.04941108,[35.24328232],1022017.3859778332,-0.038171163161894,1578652.0,,1820992.52,-,0.5612419462205331,^
2016-12-12,6.81,15,0.05019401,[35.80171585],1022016.644811606,-0.038171163161894,1533612.0,,1769052.52,-,0.5777197868673826,^
2016-12-13,7.23,15,0.05019401,[36.85316086],1020285.354542284,-0.038171163161894,1628196.0,^,1878126.52,^,0.5432463381339634,^
2016-12-14,6.85,15,0.05019401,[34.71231461],1023934.2084141672,-0.038171163161894,1542620.0,v,1878126.52,v,0.5451891539309967,^
2016-12-15,6.74,15,0.04941108,[36.06648254],1020618.2396408356,-0.038171163161894,1517848.0,,1847975.52,-,0.5522899132564459,^
2016-12-16,6.79,15,0.04938126,[36.63298035],1019653.8634116576,-0.038171163161894,1529108.0,,1861680.52,-,0.5477061463863078,^
2016-12-19,6.86,15,0.05079082,[37.40119553],1020092.970279522,-0.038171163161894,1544872.0,,1880867.52,-,0.5423523769922519,^
2016-12-20,7.1,15,0.05079082,[37.01955032],1020710.6131222742,-0.038171163161894,1598920.0,/,1946651.52,-,0.5243417235367706,^
2016-12-21,7.37,15,0.05019401,[35.34789276],1022838.9806552228,-0.038171163161894,1659724.0,/,2020658.52,-,0.5061909127798708,^
2016-12-22,7.68,15,0.04941108,[33.52176285],1025243.0422458586,-0.038171163161894,1729536.0,^,2105629.52,^,0.4869057127608368,^
2016-12-23,7.81,15,0.05019401,[32.6783905],1028013.7761418424,-0.038171163161894,1758812.0,,2105629.52,-,0.4882215823711677,^
2016-12-26,7.81,15,0.05019401,[32.13444519],1029179.5029001707,-0.038171163161894,1758812.0,,2105629.52,-,0.488775206238641,^
2016-12-27,7.55,15,0.04938126,[31.61412239],1029178.74999012,-0.038171163161894,1700260.0,,2105629.52,-,0.48877484866859194,^
2016-12-28,7.69,15,0.05019401,[33.24106216],1026828.47530677,-0.038171163161894,1731788.0,,2105629.52,-,0.4876586624349615,^
2016-12-29,7.54,15,0.05079082,[33.02394104],1028097.5098185872,-0.038171163161894,1698008.0,,2105629.52,-,0.4882613489473624,^
2016-12-30,7.31,15,0.04932442,[32.70849991],1026731.3078416736,-0.038171163161894,1646212.0,v,2105629.52,v,0.4876125159195496,^
2017-01-03,7.44,15,0.05079082,[34.74064636],1024629.37017805,-0.038171163161894,1675488.0,,2143069.52,-,0.4781129872903283,^
2017-01-04,7.43,15,0.04932442,[33.14813232],1025820.7581373384,-0.038171163161894,1673236.0,,2140189.52,-,0.4793130461349696,^
2017-01-05,7.84,15,0.04932442,[33.19274521],1025727.982957266,-0.038171163161894,1765568.0,^,2258269.52,^,0.4542097273478969,^
2017-01-06,7.68,15,0.05019401,[32.01148224],1029514.2999806238,-0.038171163161894,1729536.0,,2258269.52,-,0.4558863726684952,^
2017-01-09,7.71,15,0.04938126,[32.14925766],1028030.5493740283,-0.038171163161894,1736292.0,,2258269.52,-,0.4552293427642013,^
2017-01-10,7.54,15,0.04932442,[31.98730278],1028308.8352009616,-0.038171163161894,1698008.0,,2258269.52,-,0.45535257244270894,^
2017-01-11,6.9,15,0.04932442,[32.70849991],1026721.507066807,-0.038171163161894,1553880.0,\,2258269.52,-,0.45464967665454165,^
2017-01-12,6.67,15,0.05019401,[36.37246704],1020726.7955757832,-0.038171163161894,1502084.0,\,2258269.52,-,0.4519951168520325,^
2017-01-13,6.63,15,0.04765874,[35.72618866],1018563.5934456494,-0.038171163161894,1493076.0,,2258269.52,-,0.45103721430276816,^
2017-01-16,6.59,15,0.0493,[37.17948532],1018185.3713918392,-0.038171163161894,1484068.0,,2258269.52,-,0.45086973117001516,^
2017-01-17,6.56,15,0.05019401,[38.08346558],1017805.637539688,-0.038171163161894,1477312.0,,2258269.52,-,0.45070157858734594,^
2017-01-18,6.62,15,0.0493,[37.57621765],1017519.4963614652,-0.038171163161894,1490824.0,,2258269.52,-,0.4505748704262125,^
2017-01-19,6.27,15,0.0493,[37.23564911],1018091.7879707776,-0.038171163161894,1412004.0,v,2258269.52,v,0.4508282908458055,^
2017-01-20,6.31,15,0.04829024,[38.50896454],1014735.3345228228,-0.038171163161894,1421012.0,,2272673.52,-,0.4464941073114729,^
2017-01-23,6.35,15,0.0493,[39.06497192],1015119.6606932628,-0.038171163161894,1430020.0,,2287077.52,-,0.44385013267642226,^
2017-01-24,6.32,15,0.03928502,[30.9330883],1015505.5343162843,-0.038171163161894,1423264.0,,2276274.52,-,0.4461261264376339,^
2017-01-25,6.59,15,0.03928502,[31.07992172],1015214.057206098,-0.038171163161894,1484068.0,/,2373501.52,-,0.4277284209222238,^
2017-01-26,6.54,15,0.04667149,[35.41083908],1017839.8500233344,-0.038171163161894,1472808.0,,2355496.52,-,0.4321126528445622,^
2017-02-03,6.52,15,0.0493,[37.69112778],1017351.0123549154,-0.038171163161894,1468304.0,,2348294.52,-,0.43322973489497196,^
2017-02-06,6.52,15,0.04103354,[31.46744156],1017154.2639939806,-0.038171163161894,1468304.0,,2348294.52,-,0.4331459513834664,^
2017-02-07,6.5,15,0.0493,[37.80674744],1017153.6484908238,-0.038171163161894,1463800.0,,2341092.52,-,0.434478193322673,^
2017-02-08,6.79,15,0.04128925,[31.76096344],1016955.5146460565,-0.038171163161894,1529108.0,,2445521.52,-,0.41584402604073445,^
2017-02-09,6.79,15,0.04915549,[36.19697571],1019826.323986087,-0.038171163161894,1529108.0,,2445521.52,-,0.4170179307954268,^
2017-02-10,6.78,15,0.04829024,[35.55982208],1019825.586653692,-0.038171163161894,1526856.0,,2441920.52,-,0.4176325880801771,^
2017-02-13,6.84,15,0.04588194,[33.83623886],1019725.12995011,-0.038171163161894,1540368.0,,2463526.52,-,0.41392902478277765,^
2017-02-14,6.82,15,0.04388449,[32.07930756],1020324.8659953796,-0.038171163161894,1535864.0,,2456324.52,-,0.41538683414493605,^
2017-02-15,6.73,15,0.04128925,[30.2707119],1020123.4247170482,-0.038171163161894,1515596.0,,2423915.52,-,0.42085766451012624,^
2017-02-16,6.73,15,0.04388449,[32.60363388],1019216.5574649794,-0.038171163161894,1515596.0,,2423915.52,-,0.4204835313175351,^
2017-02-17,6.5,15,0.04388449,[32.60363388],1019215.8991976111,-0.038171163161894,1463800.0,,2341092.52,-,0.4353590857646289,^
2017-02-20,6.54,15,0.04588194,[35.29380035],1016884.276369105,-0.038171163161894,1472808.0,,2355496.52,-,0.4317069746165895,^
2017-02-21,6.59,15,0.04388449,[33.55083466],1017290.3850330797,-0.038171163161894,1484068.0,,2373501.52,-,0.4286032161601816,^
2017-02-22,6.59,15,0.04388449,[33.29627609],1017799.9004237888,-0.038171163161894,1484068.0,,2373501.52,-,0.42881788439882224,^
2017-02-23,6.55,15,0.03928502,[29.80654144],1017799.2421564104,-0.038171163161894,1475060.0,,2359097.52,-,0.4314358493142795,^
2017-02-24,7.08,15,0.03301473,[25.20207977],1017387.9898419166,-0.038171163161894,1594416.0,/,2549950.52,-,0.3989834241340168,^
2017-02-27,7.03,15,0.05019401,[35.44774628],1022842.136992322,-0.038171163161894,1583156.0,,2531945.52,-,0.40397478101832224,^
2017-02-28,7.03,15,0.04667149,[33.19451523],1022325.0227919272,-0.038171163161894,1583156.0,,2531945.52,-,0.40377054510711874,^
2017-03-01,7.19,15,0.04588194,[32.63295746],1022324.322719601,-0.038171163161894,1619188.0,,2589561.52,-,0.39478665203505225,^
2017-03-02,7.12,15,0.04915549,[34.18323517],1023986.5230150032,-0.038171163161894,1603424.0,,2564354.52,-,0.39931550611613686,^
2017-03-03,7.08,15,0.04588194,[32.2204628],1023255.8791267008,-0.038171163161894,1594416.0,,2549950.52,-,0.40128460183874504,^
2017-03-06,7.21,15,0.04829024,[34.1032753],1022836.812618578,-0.038171163161894,1623692.0,,2596763.52,-,0.39388908721983973,^
2017-03-07,7.16,15,0.04829024,[33.48837662],1024200.2510976716,-0.038171163161894,1612432.0,,2578758.52,-,0.3971679562682246,^
2017-03-08,7.7,15,0.04915549,[34.32646179],1023673.1743126924,-0.038171163161894,1734040.0,^,2773212.52,^,0.3691290036122772,^
2017-03-09,7.75,15,0.04603259,[29.89129257],1029375.5795287016,-0.038171163161894,1745300.0,,2773212.52,-,0.3711852489143896,^
2017-03-10,7.78,15,0.05019401,[32.3832283],1029904.4523589542,-0.038171163161894,1752056.0,,2773212.52,-,0.3713759565599229,^
2017-03-13,7.41,15,0.04915549,[31.59093475],1030222.4089372118,-0.038171163161894,1668732.0,v,2773212.52,v,0.37149060935914563,^
2017-03-14,7.38,15,0.05019401,[33.86909866],1026279.2326030436,-0.038171163161894,1661976.0,,2761986.52,-,0.37157286075496254,^
2017-03-15,7.48,15,0.0467893,[31.70006752],1025957.8064036624,-0.038171163161894,1684496.0,,2799406.52,-,0.36649118271099207,^
2017-03-16,7.69,15,0.04588194,[30.6697464],1027029.1855353132,-0.038171163161894,1731788.0,,2877988.52,-,0.35685659563899624,^
2017-03-17,7.77,15,0.04667149,[30.34556961],1029286.3079923536,-0.038171163161894,1749804.0,,2907924.52,-,0.3539590869409339,^
2017-03-20,7.77,15,0.05019401,[32.29987717],1030148.1539222598,-0.038171163161894,1749804.0,,2907924.52,-,0.35425546531113533,^
2017-03-21,7.66,15,0.04829024,[31.07480049],1030147.4010121232,-0.038171163161894,1725032.0,,2866762.52,-,0.35934172915450396,^
2017-03-22,7.66,15,0.04388449,[28.64522934],1028953.70469096,-0.038171163161894,1725032.0,,2866762.52,-,0.3589253373840537,^
2017-03-23,7.79,15,0.04829024,[31.52104378],1028953.0464235898,-0.038171163161894,1754308.0,,2915408.52,-,0.3529361457802112,^
2017-03-24,7.66,15,0.04829024,[30.99501991],1030370.0196471752,-0.038171163161894,1725032.0,,2866762.52,-,0.35941938422132547,^
2017-03-27,7.53,15,0.04829024,[31.52104378],1028947.5683637998,-0.038171163161894,1695756.0,,2818116.52,-,0.3651188874063305,^
2017-03-28,7.44,15,0.0467893,[31.06859207],1027521.0193447628,-0.038171163161894,1675488.0,,2784438.52,-,0.36902269953683975,^
2017-03-29,7.43,15,0.0467893,[31.44442177],1026530.4119482078,-0.038171163161894,1673236.0,,2780696.52,-,0.36916305125890103,^
2017-03-30,7.34,15,0.0467893,[31.48674393],1026419.4061581562,-0.038171163161894,1652968.0,,2747018.52,-,0.3736485206361682,^
2017-03-31,7.47,15,0.0467893,[31.8728199],1025423.1349566611,-0.038171163161894,1682244.0,,2795664.52,-,0.3667904813402508,^
2017-08-21,8.22,15,0.04388449,[29.37382317],1026864.6212177149,-0.038171163161894,1851144.0,/,3076314.5200000005,-,0.3337970206042894,^
2017-08-22,9.04,15,0.01011052,[6.14995337],1035206.3092824108,-0.038171163161894,2035808.0,^,3383158.5199999996,^,0.3059881182518196,^
2017-08-23,8.96,15,0.04603259,[25.46050262],1044332.165909387,-0.038171163161894,2017792.0,,3383158.5199999996,-,0.30868555515080837,^
2017-08-24,8.36,15,0.04603259,[25.68782997],1043439.0963086556,-0.038171163161894,1882672.0,\,3383158.5199999996,-,0.30842158005314385,^
2017-08-25,8.38,15,0.04603259,[27.53145409],1036730.1497825508,-0.038171163161894,1887176.0,,3383158.5199999996,-,0.30643853773146607,^
2017-08-28,8.35,15,0.04941108,[29.48155212],1036953.6184573384,-0.038171163161894,1880420.0,,3383158.5199999996,-,0.30650459099898714,^
2017-08-29,8.34,15,0.04941108,[29.58747292],1036615.75409907,-0.038171163161894,1878168.0,,3383158.5199999996,-,0.30640472445230565,^
2017-08-30,8.2,15,0.05019401,[30.09232903],1036502.342660795,-0.038171163161894,1846640.0,,3383158.5199999996,-,0.30637120209809,^
2017-08-31,8.04,15,0.05019401,[30.60610199],1034919.99301556,-0.038171163161894,1810608.0,,3383158.5199999996,-,0.30590348838149034,^
2017-09-01,7.96,15,0.04941108,[30.72828484],1033106.8040032324,-0.038171163161894,1792592.0,,3383158.5199999996,-,0.3053675427550562,^
2017-09-04,8.05,15,0.05019401,[31.52889824],1032197.3865231058,-0.038171163161894,1812860.0,,3383158.5199999996,-,0.30509873552218475,^
2017-09-05,7.89,15,0.05019401,[31.17640114],1033221.7320669906,-0.038171163161894,1776828.0,,3383158.5199999996,-,0.3054015133961239,^
2017-09-06,7.88,15,0.04938126,[31.29357338],1031393.5936812104,-0.038171163161894,1774576.0,,3383158.5199999996,-,0.30486114900735145,^
2017-09-07,7.91,15,0.04934395,[31.30961227],1031278.3284343638,-0.038171163161894,1781332.0,,3383158.5199999996,-,0.304827078701108,^
2017-09-08,7.74,15,0.04829024,[30.52480507],1031622.1011473916,-0.038171163161894,1743048.0,,3383158.5199999996,-,0.30492869164977576,^
2017-09-11,7.54,15,0.04829024,[31.19524574],1029663.9479674208,-0.038171163161894,1698008.0,,3383158.5199999996,-,0.3043498972573774,^
2017-09-12,7.58,15,0.05019401,[33.28514862],1027354.1271219058,-0.038171163161894,1707016.0,,3383158.5199999996,-,0.3036671563122339,^
2017-09-13,7.48,15,0.04934395,[32.54877853],1027816.5249161706,-0.038171163161894,1684496.0,,3383158.5199999996,-,0.3038038326729576,^
2017-09-14,7.48,15,0.04902789,[32.77265167],1026654.6531182769,-0.038171163161894,1684496.0,,3383158.5199999996,-,0.3034604045447675,^
2017-09-15,7.31,15,0.04902789,[32.77265167],1026653.9176999732,-0.038171163161894,1646212.0,,3383158.5199999996,-,0.3034601871685201,^
2017-09-18,7.32,15,0.04934395,[33.75099182],1024668.1157943622,-0.038171163161894,1648464.0,,3383158.5199999996,-,0.3028732203167241,^
2017-09-19,7.25,15,0.05019401,[34.28552246],1024784.48176193,-0.038171163161894,1632700.0,,3383158.5199999996,-,0.302907615975952,^
2017-09-20,7.21,15,0.04934395,[34.03030777],1023961.585977554,-0.038171163161894,1623692.0,,3383158.5199999996,-,0.30266438297947507,^
2017-09-21,7.48,15,0.04934395,[34.21910477],1023489.688677876,-0.038171163161894,1684496.0,\,3383158.5199999996,-,0.302524898738081,^
2017-09-22,7.41,15,0.04941108,[33.02879715],1026678.4983751932,-0.038171163161894,1668732.0,,3383158.5199999996,-,0.30346745276812903,^
2017-09-25,7.18,15,0.04829024,[32.58450699],1025848.524860004,-0.038171163161894,1616936.0,\,3383158.5199999996,-,0.30322212772341633,^
2017-09-26,7.32,15,0.04829024,[33.62829971],1023115.6854945832,-0.038171163161894,1648464.0,,3383158.5199999996,-,0.3024143502133572,^
2017-09-27,7.47,15,0.04829024,[32.98513794],1024782.6956319076,-0.038171163161894,1682244.0,,3383158.5199999996,-,0.30290708802846983,^
2017-09-28,7.44,15,0.04667149,[31.23928261],1026573.7774320764,-0.038171163161894,1675488.0,,3383158.5199999996,-,0.30343649916589677,^
2017-09-29,7.42,15,0.04829024,[32.45311737],1026213.7789505152,-0.038171163161894,1670984.0,,3383158.5199999996,-,0.3033300901757673,^
2017-10-09,7.29,15,0.04829024,[32.54059219],1025972.873261763,-0.038171163161894,1641708.0,,3383158.5199999996,-,0.3032588828447102,^
2017-10-10,7.2,15,0.05019401,[34.42661667],1024406.7399525732,-0.038171163161894,1621440.0,,3383158.5199999996,-,0.30279596238150064,^
2017-10-11,7.15,15,0.04667149,[32.41075516],1023319.1439853922,-0.038171163161894,1610180.0,,3383158.5199999996,-,0.3024744888351824,^
2017-10-12,7.32,15,0.04829024,[33.76939774],1022713.0216769482,-0.038171163161894,1648464.0,,3383158.5199999996,-,0.30229533012746573,^
2017-10-13,7.25,15,0.05019401,[34.28552246],1024776.4737238328,-0.038171163161894,1632700.0,,3383158.5199999996,-,0.30290524894583803,^
2017-10-16,7.21,15,0.04388449,[30.26516533],1023923.36583876,-0.038171163161894,1623692.0,,3383158.5199999996,-,0.3026530858030147,^
2017-10-17,7.21,15,0.04388449,[30.43307304],1023434.4369790872,-0.038171163161894,1623692.0,,3383158.5199999996,-,0.3025085673428886,^
2017-10-18,7.16,15,0.03928502,[27.24342728],1023433.7787117172,-0.038171163161894,1612432.0,,3383158.5199999996,-,0.302508372771051,^
2017-10-19,6.92,15,0.04128925,[28.83327675],1022819.9673709604,-0.038171163161894,1558384.0,v,3383158.5199999996,v,0.3023269413255163,^
2017-10-20,6.99,15,0.04829024,[34.8917923],1019868.9621317164,-0.038171163161894,1574148.0,,3417374.5199999996,-,0.2984364037839542,^
2017-10-23,7.12,15,0.04388449,[31.39090919],1020731.2094245364,-0.038171163161894,1603424.0,,3480918.5199999996,-,0.2932361684307786,^
2017-10-24,7.06,15,0.04829024,[33.91168594],1022337.2936044468,-0.038171163161894,1589912.0,,3451590.5199999996,-,0.29619309929164106,^
2017-10-25,7.08,15,0.04128925,[29.24168015],1021592.9611124742,-0.038171163161894,1594416.0,,3461366.5199999996,-,0.29514151570186054,^
2017-10-26,7.13,15,0.04128925,[29.15907669],1021840.7959867452,-0.038171163161894,1605676.0,,3485806.5199999996,-,0.29314329126527233,^
2017-10-27,7.35,15,0.04303554,[30.17920113],1022462.7701344322,-0.038171163161894,1655220.0,/,3593342.5199999996,-,0.28454364270691135,^
2017-10-30,7.65,15,0.04941108,[33.61297989],1025208.175366062,-0.038171163161894,1722780.0,/,3739982.5199999996,-,0.274121114171962,^
2017-10-31,7.64,15,0.04941108,[32.29482269],1028962.1327730156,-0.038171163161894,1720528.0,,3735094.5199999996,-,0.27548489797602654,^
2017-11-01,7.8,15,0.05019401,[32.84947968],1028835.9120395024,-0.038171163161894,1756560.0,,3813302.5199999996,-,0.2698018073948936,^
2017-11-02,7.65,15,0.05019401,[32.17564392],1030848.0881234928,-0.038171163161894,1722780.0,,3739982.5199999996,-,0.2756291192835556,^
2017-11-03,7.46,15,0.05019401,[32.80654144],1028955.3879349014,-0.038171163161894,1679992.0,,3647110.5199999996,-,0.28212892981781684,^
2017-11-06,7.57,15,0.05019401,[33.64209366],1026551.9352291048,-0.038171163161894,1704764.0,,3700878.5199999996,-,0.2773806083289394,^
2017-11-07,7.97,15,0.04667149,[30.82661057],1027945.9196731604,-0.038171163161894,1794844.0,^,3896398.5199999996,^,0.26381950265014487,^
2017-11-08,7.86,15,0.04941108,[30.99816895],1033029.3224418304,-0.038171163161894,1770072.0,,3896398.5199999996,-,0.2651241440369479,^
2017-11-09,8.19,15,0.05019401,[31.93002892],1031627.043195753,-0.038171163161894,1844388.0,,3896398.5199999996,-,0.2647642529121362,^
2017-11-10,8.25,15,0.05019401,[30.64347076],1035841.4414347868,-0.038171163161894,1857900.0,,3896398.5199999996,-,0.2658458666683784,^
2017-11-13,8.24,15,0.05019401,[30.42061043],1036608.918250977,-0.038171163161894,1855648.0,,3896398.5199999996,-,0.2660428374895741,^
2017-11-14,7.85,15,0.04765874,[28.91913605],1036479.8228470534,-0.038171163161894,1767820.0,,3896398.5199999996,-,0.26600970550801195,^
2017-11-15,8.01,15,0.05019401,[31.97070503],1031462.4722441504,-0.038171163161894,1803852.0,,3896398.5199999996,-,0.26472201622850183,^
2017-11-16,7.95,15,0.05019401,[31.33208847],1033524.9416096664,-0.038171163161894,1790340.0,,3896398.5199999996,-,0.2652513433378644,^
2017-11-17,7.97,15,0.04829024,[30.37121964],1032748.6004209148,-0.038171163161894,1794844.0,,3896398.5199999996,-,0.2650520974997483,^
2017-11-20,8.11,15,0.05019401,[31.48933983],1033007.0129179412,-0.038171163161894,1826372.0,,3896398.5199999996,-,0.26511841835879285,^
2017-11-21,8.23,15,0.05019401,[30.94574928],1034824.6264697036,-0.038171163161894,1853396.0,,3896398.5199999996,-,0.26558490389471345,^
2017-11-22,8.18,15,0.05019401,[30.49453545],1036386.1868740044,-0.038171163161894,1842136.0,,3896398.5199999996,-,0.2659856740921882,^
2017-11-23,8.19,15,0.05019401,[30.680933],1035732.94535616,-0.038171163161894,1844388.0,,3896398.5199999996,-,0.2658180214471902,^
2017-11-24,7.78,15,0.05019401,[30.64347076],1035862.9969769472,-0.038171163161894,1752056.0,,3896398.5199999996,-,0.2658513988391894,^
2017-11-27,7.12,15,0.05019401,[32.258358],1030486.6944776608,-0.038171163161894,1603424.0,\,3896398.5199999996,-,0.2644715855393716,^
2017-11-28,7.17,15,0.05019401,[35.24860001],1021811.3273223328,-0.038171163161894,1614684.0,,3896398.5199999996,-,0.2622450763384267,^
2017-11-29,7.06,15,0.04934395,[34.41000748],1022469.5045880892,-0.038171163161894,1589912.0,,3896398.5199999996,-,0.26241399572959734,^
2017-11-30,6.96,15,0.04932442,[34.9323082],1021015.33294113,-0.038171163161894,1567392.0,,3896398.5199999996,-,0.26204078656233815,^
2017-12-01,7.04,15,0.0493,[35.41666412],1019689.7984915696,-0.038171163161894,1585408.0,,3896398.5199999996,-,0.26170059177919247,^
2017-12-04,7.12,15,0.04285644,[30.43781281],1020751.7279913708,-0.038171163161894,1603424.0,,3896398.5199999996,-,0.26197313307453235,^
2017-12-05,7.05,15,0.04388449,[30.81776047],1021816.189169537,-0.038171163161894,1587660.0,,3896398.5199999996,-,0.2622463241181852,^
2017-12-06,7.01,15,0.04388449,[31.12375259],1020881.4076372646,-0.038171163161894,1578652.0,,3896398.5199999996,-,0.2620064150001948,^
2017-12-07,6.93,15,0.04388449,[31.30134964],1020345.7196969884,-0.038171163161894,1560636.0,,3896398.5199999996,-,0.26186893215866136,^
2017-12-08,6.98,15,0.03928502,[28.34417152],1019272.4979758168,-0.038171163161894,1571896.0,,3896398.5199999996,-,0.26159349274565913,^
2017-12-11,7.07,15,0.04388449,[31.43588257],1019943.678067685,-0.038171163161894,1592164.0,,3896398.5199999996,-,0.26176574927651014,^
2017-12-12,6.95,15,0.04388449,[31.03570747],1021155.0338906846,-0.038171163161894,1565140.0,,3896398.5199999996,-,0.26207664042811635,^
2017-12-13,6.99,15,0.04128925,[29.70449829],1019534.632551258,-0.038171163161894,1574148.0,,3896398.5199999996,-,0.2616607688659265,^
2017-12-14,6.96,15,0.04284339,[30.64620209],1020075.1157497572,-0.038171163161894,1567392.0,,3896398.5199999996,-,0.26179948239733886,^
2017-12-15,6.83,15,0.03928502,[28.22199821],1019667.7268098705,-0.038171163161894,1538116.0,,3896398.5199999996,-,0.2616949271425836,^
2017-12-18,6.71,15,0.0467893,[34.25278091],1017900.9014223202,-0.038171163161894,1511092.0,,3896398.5199999996,-,0.261241476249796,^
2017-12-19,6.77,15,0.04388449,[32.70081329],1016265.7174532271,-0.038171163161894,1524604.0,,3896398.5199999996,-,0.26082181076622196,^
2017-12-20,6.59,15,0.04128925,[30.49427795],1017084.2622994592,-0.038171163161894,1484068.0,,3896398.5199999996,-,0.2610318880573487,^
2017-12-21,6.68,15,0.04303554,[32.65215683],1014620.5446498316,-0.038171163161894,1504336.0,,3896398.5199999996,-,0.2603995816757039,^
2017-12-22,6.63,15,0.03899863,[29.19059372],1015854.386966227,-0.038171163161894,1493076.0,,3896398.5199999996,-,0.2607162439242039,^
2017-12-25,6.52,15,0.03501268,[26.40473557],1015166.5158739672,-0.038171163161894,1468304.0,,3896398.5199999996,-,0.260539703693853,^
2017-12-26,6.61,15,0.03501268,[26.850214],1013651.0567147896,-0.038171163161894,1488572.0,,3896398.5199999996,-,0.26015076525457403,^
2017-12-27,6.51,15,0.03593945,[27.18566513],1014892.4394730356,-0.038171163161894,1466052.0,,3896398.5199999996,-,0.26046936273680643,^
2017-12-28,6.41,15,0.03045132,[23.38810921],1013509.2840943028,-0.038171163161894,1443532.0,,3896398.5199999996,-,0.26011437970012957,^
2017-12-29,6.33,15,0.03045132,[23.75297928],1012123.8722266164,-0.038171163161894,1425516.0,,3896398.5199999996,-,0.2597588175417479,^
2018-01-02,6.44,15,0.03045132,[24.05317497],1011013.5511401516,-0.038171163161894,1450288.0,,3896398.5199999996,-,0.2594738566783337,^
2018-01-03,6.7,15,0.03045132,[23.64232826],1012541.8036550316,-0.038171163161894,1508840.0,\,3896398.5199999996,-,0.2598660784972867,^
2018-01-04,6.68,15,0.04122868,[30.76766968],1016160.8067452788,-0.038171163161894,1504336.0,,3896398.5199999996,-,0.26079488572059073,^
2018-01-05,6.73,15,0.03045132,[22.7929039],1015881.1529724916,-0.038171163161894,1515596.0,,3896398.5199999996,-,0.2607231133463452,^
2018-01-08,6.83,15,0.03726114,[27.68286514],1016579.424204459,-0.038171163161894,1538116.0,,3896398.5199999996,-,0.26090232274404496,^
2018-01-09,6.79,15,0.03726114,[27.27755165],1017979.0895774488,-0.038171163161894,1529108.0,,3896398.5199999996,-,0.2612615430254934,^
2018-01-10,6.68,15,0.03593945,[26.46498489],1017417.3498423346,-0.038171163161894,1504336.0,,3896398.5199999996,-,0.2611173740622237,^
2018-01-11,6.73,15,0.03593945,[26.90078545],1015870.6523525316,-0.038171163161894,1515596.0,,3896398.5199999996,-,0.260720418391015,^
2018-01-12,6.63,15,0.03593945,[26.70092964],1016574.2575719092,-0.038171163161894,1493076.0,,3896398.5199999996,-,0.260900996741963,^
2018-01-15,6.41,15,0.03593945,[27.10365677],1015162.7597649392,-0.038171163161894,1443532.0,v,3896398.5199999996,v,0.26053873969876656,^
2018-01-16,6.47,15,0.03899863,[30.42015076],1012052.148695276,-0.038171163161894,1457044.0,,3932866.5199999996,-,0.2573319342389673,^
2018-01-17,6.81,15,0.03593945,[27.77391815],1012901.5903733488,-0.038171163161894,1533612.0,/,4139518.519999999,-,0.24469067730450667,^
2018-01-18,6.85,15,0.04122868,[30.27068901],1017727.3121400092,-0.038171163161894,1542620.0,,4163830.5199999996,-,0.24442092617641156,^
2018-01-19,6.89,15,0.03778233,[27.57834053],1018295.6999325004,-0.038171163161894,1551628.0,,4188142.5199999996,-,0.24313778603993172,^
2018-01-22,6.85,15,0.03778233,[27.41823387],1018865.2425538916,-0.038171163161894,1542620.0,,4163830.5199999996,-,0.2446942154970063,^
2018-01-23,6.96,15,0.03899863,[28.46615601],1018293.4697333536,-0.038171163161894,1567392.0,,4230688.52,-,0.24069213909733864,^
2018-01-24,6.95,15,0.03726114,[26.76805687],1019866.8327665286,-0.038171163161894,1565140.0,,4224610.52,-,0.24141085383807848,^
2018-01-25,7.27,15,0.03778233,[27.18153],1019722.9199859616,-0.038171163161894,1637204.0,^,4419106.52,^,0.23075318853956064,^
2018-01-26,7.25,15,0.04941108,[33.98286057],1024318.3749739308,-0.038171163161894,1632700.0,,4419106.52,-,0.23179309444976468,^
2018-01-29,7.14,15,0.03726114,[25.69733429],1024029.7027928513,-0.038171163161894,1607928.0,,4419106.52,-,0.2317277707967201,^
2018-01-30,6.91,15,0.04588194,[32.13021088],1022442.69658716,-0.038171163161894,1556132.0,\,4419106.52,-,0.23136864702395998,^
2018-01-31,6.98,15,0.04049413,[29.30110359],1019117.501351412,-0.038171163161894,1571896.0,,4419106.52,-,0.2306161883039226,^
2018-02-01,6.7,15,0.03899863,[27.93598366],1020130.7514970652,-0.038171163161894,1508840.0,\,4419106.52,-,0.2308454767677936,^
2018-02-02,6.84,15,0.04049413,[30.21949577],1016066.9142120214,-0.038171163161894,1540368.0,,4419106.52,-,0.22992587067397088,^
2018-02-05,6.9,15,0.03899863,[28.50777245],1018102.1636823376,-0.038171163161894,1553880.0,,4419106.52,-,0.23038642745419446,^
2018-02-06,6.51,15,0.04049413,[29.3435688],1018975.7992615572,-0.038171163161894,1466052.0,,4419106.52,-,0.23058412252564514,^
2018-02-07,6.52,15,0.04049413,[31.10147858],1013281.3142262344,-0.038171163161894,1468304.0,,4419106.52,-,0.2292955170101296,^
2018-02-08,6.53,15,0.03899863,[29.90692711],1013427.0146912832,-0.038171163161894,1470556.0,,4419106.52,-,0.22932848758107857,^
2018-02-09,6.01,15,0.03984702,[30.51073647],1013573.0366579858,-0.038171163161894,1353452.0,v,4419106.52,v,0.22936153090466482,^
2018-02-12,6.13,15,0.03726114,[30.99928093],1005933.0121674754,-0.038171163161894,1380476.0,,4507330.52,-,0.22317711286179998,^
2018-02-13,6.11,15,0.03726114,[30.3924427],1007699.1178068864,-0.038171163161894,1375972.0,,4492626.52,-,0.22430066539492505,^
2018-02-14,6.13,15,0.03984702,[32.60803604],1007403.50694827,-0.038171163161894,1380476.0,,4507330.52,-,0.2235033580249336,^
2018-02-22,6.25,15,0.03639812,[29.68851852],1007698.6133452852,-0.038171163161894,1407500.0,,4595554.52,-,0.2192768269769728,^
2018-02-23,6.29,15,0.03984702,[31.87761688],1009475.854609548,-0.038171163161894,1416508.0,,4624962.52,-,0.21826681843241144,^
2018-02-26,6.51,15,0.03984702,[31.67489815],1010069.1277542796,-0.038171163161894,1466052.0,^,4786706.52,^,0.2110154703518944,^
2018-02-27,6.45,15,0.04049413,[31.10147858],1013341.7882018083,-0.038171163161894,1452540.0,,4786706.52,-,0.211699168095605,^
2018-02-28,6.42,15,0.03940382,[30.54559708],1012446.6079322562,-0.038171163161894,1445784.0,,4786706.52,-,0.21151215427601697,^
2018-03-01,6.4,15,0.03940382,[30.68833351],1011997.8140782028,-0.038171163161894,1441280.0,,4786706.52,-,0.21141839589493006,^
2018-03-02,6.44,15,0.03940382,[30.784235],1011697.807389729,-0.038171163161894,1450288.0,,4786706.52,-,0.21135572092473492,^
2018-03-05,6.38,15,0.03593945,[27.90329933],1012297.2789641576,-0.038171163161894,1436776.0,,4786706.52,-,0.21148095767612626,^
2018-03-06,6.31,15,0.03940382,[30.8807373],1011394.9717268436,-0.038171163161894,1421012.0,,4786706.52,-,0.21129245494809315,^
2018-03-07,6.19,15,0.03899863,[30.90224457],1010340.1561814212,-0.038171163161894,1393988.0,,4786706.52,-,0.21107209141817646,^
2018-03-08,6.22,15,0.03940382,[31.82861137],1008528.6209529652,-0.038171163161894,1400744.0,,4786706.52,-,0.2106936401342118,^
2018-03-09,6.3,15,0.03816224,[30.67704391],1008981.7223162348,-0.038171163161894,1418760.0,,4786706.52,-,0.21078829840527488,^
2018-03-12,6.36,15,0.03593945,[28.52337265],1010193.450500996,-0.038171163161894,1432272.0,,4786706.52,-,0.21104144285432316,^
2018-03-13,6.26,15,0.03899863,[30.65930176],1011103.8482754125,-0.038171163161894,1409752.0,,4786706.52,-,0.21123163579191243,^
2018-03-14,6.19,15,0.03940382,[31.47270012],1009581.9692554933,-0.038171163161894,1393988.0,,4786706.52,-,0.2109136971396135,^
2018-03-15,6.23,15,0.03940382,[31.82861137],1008514.2692808677,-0.038171163161894,1402996.0,,4786706.52,-,0.2106906418989873,^
2018-03-16,6.17,15,0.03940382,[31.62425423],1009124.7278921906,-0.038171163161894,1389484.0,,4786706.52,-,0.2108181739732376,^
2018-03-19,6.16,15,0.03940382,[31.93178368],1008205.664876671,-0.038171163161894,1387232.0,,4786706.52,-,0.21062617076358195,^
2018-03-20,6.14,15,0.03800716,[30.84996986],1008051.6758418172,-0.038171163161894,1382728.0,,4786706.52,-,0.21059400062024636,^
2018-03-21,6.13,15,0.03940382,[32.08780289],1007743.6927799004,-0.038171163161894,1380476.0,,4786706.52,-,0.2105296592906432,^
2018-03-22,6.07,15,0.03940382,[32.14014816],1007589.0743673056,-0.038171163161894,1366964.0,,4786706.52,-,0.21049735766280186,^
2018-03-23,5.67,15,0.03940382,[32.45784378],1006662.3907694976,-0.038171163161894,1276884.0,-,4786706.52,-,0.21030376242274776,^
2018-03-26,5.63,15,0.03726114,[32.85814285],1000474.8663047604,-0.038171163161894,1267876.0,,4786706.52,-,0.20901111487084872,^
2018-03-27,5.79,15,0.03940382,[34.99451065],999854.2997212962,-0.038171163161894,1303908.0,,4786706.52,-,0.20888147112083577,^
2018-03-28,5.68,15,0.03899863,[33.67757416],1002339.3384515326,-0.038171163161894,1279136.0,,4786706.52,-,0.2094006253075095,^
2018-03-29,5.78,15,0.03940382,[34.6864624],1000626.1784599912,-0.038171163161894,1301656.0,,4786706.52,-,0.20904272578215038,^
2018-03-30,5.77,15,0.03940382,[34.08634949],1002185.9424235288,-0.038171163161894,1299404.0,,4786706.52,-,0.20936857905036735,^
