date,tic,open,high,low,close,volume,day,kdjk,kdjd,kdjj,rsi_6,rsi_12,rsi_24,amount,change,daily_variance
2009-03-23,600685.SH,13.6973,14.9796,13.6244,14.9796,238265.69,0,66.66666666666666,55.55555555555554,88.88888888888889,0.0,0.0,0.0,3569124.729924,0.08560308686480275,0.09046970546610056
2009-03-24,600685.SH,15.4604,15.5114,14.4987,14.5424,252502.89,1,60.66066066066067,57.257257257257244,67.46746746746753,0.0,0.0,0.0,3671998.0275360006,-0.06312575640884581,0.06963774892727477
2009-03-25,600685.SH,14.302,14.4259,13.9086,13.9158,126217.11,2,45.58794088205855,53.36748513219101,30.028852381793627,0.0,0.0,0.0,1756412.0593380001,-0.027752626510872444,0.03717357248595126
2009-03-26,600685.SH,13.945,14.3749,13.8648,14.353,108293.71,3,43.26247816443896,49.99914947627365,29.78913554076958,34.61660273779776,31.705219137711154,30.37762132486162,1554339.61963,0.02842611300773354,0.035539608444227655
2009-03-27,600685.SH,14.6809,15.067,14.4623,14.557,144973.03,4,45.31577328962952,48.4380240807256,39.07127170743735,45.23212969786295,41.19551562591407,39.34838747632163,2110372.39771,-0.00851136910077619,0.04154015250394994
2009-03-30,600685.SH,14.5861,14.71,14.2656,14.2801,77773.17,0,41.79327475623772,46.22310763922964,32.93360899025389,35.77209920795511,34.16543147402376,33.27566285020738,1110608.6449169999,-0.02142842136959832,0.031120230250488563
2009-03-31,600685.SH,13.9887,14.2073,13.6973,14.149,69331.58,1,37.129097143621465,43.19177080736024,25.00374981614391,31.972927795898656,31.397976653683486,30.918254800140488,980972.52542,0.011329422574033462,0.0360449501731571
2009-04-01,600685.SH,14.2073,14.9067,14.2073,14.7464,129414.21,2,44.57255124890079,43.65203095454042,46.41359183762151,56.965283051401926,51.09168228444755,48.32550645716378,1908393.706344,0.03655807519123308,0.047428524928118096
2009-04-02,600685.SH,14.659,16.0142,14.659,15.2346,182069.46,3,52.17437525444895,46.49281238784326,63.53750098766034,68.36332095979422,61.05791155188358,57.465124318891775,2773755.395316,0.037782416341748365,0.08895540414582583
2009-04-03,600685.SH,15.3147,15.5187,14.8484,14.9067,96706.05,4,52.18260319882395,48.38940932483682,59.7689909467982,56.33706936526484,53.125847339210736,51.12741012713174,1441568.075535,-0.027370242910905798,0.04496635740975541
2009-04-07,600685.SH,14.8994,15.4313,14.761,15.0306,74650.88,1,53.97064277018291,50.24982047328551,61.412287363977725,59.56260221662693,55.50839084595104,53.16408005075891,1122047.5169280001,0.008728859792689564,0.0445956914560963
2009-04-08,600685.SH,15.0524,16.2837,15.0524,15.4094,220318.26,2,58.04584762882799,52.84849619179967,68.44055050288463,68.185193232833,61.95755023350689,58.660083100521675,3394972.195644,0.023167676872558263,0.07990577180162753
2009-04-09,600685.SH,15.4094,15.7009,14.9213,15.3584,108984.68,3,60.10536661181583,55.267452998471725,69.78119383850404,65.91440631448106,60.66597722233842,57.70870564679678,1673830.309312,-0.0033206584019168767,0.05076049588498804
2009-04-10,600685.SH,15.3803,15.4313,14.7901,15.2929,173954.13,4,60.63422007547181,57.05637535747175,67.78990951147193,62.69643953478399,58.94439825974962,56.48107515750777,2660263.114677,-0.0057150703921427974,0.04192795349475898
2009-04-13,600685.SH,15.3001,15.7373,15.1909,15.4167,150861.16,0,62.5823143631303,58.898355026024596,69.9502330373417,66.41524905740731,61.21387653835744,58.23341389387072,2325781.245372,0.0075632268903202396,0.035442085530625896
2009-04-14,600685.SH,15.4313,16.4222,15.322,16.1817,268294.15,1,71.4354502333882,63.07738676181246,88.15157717653966,80.68980004916695,71.7432966201431,66.84232416919309,4341455.447055,0.046373372389798294,0.06799038419943523
2009-04-15,600685.SH,16.0287,16.291,15.6499,16.0579,169326.96,2,74.06986760870768,66.74154704411086,88.72650873790133,74.5375249381412,68.46214463845413,64.59402467289581,2719035.3909839997,0.0018184195940938385,0.03992427403334183
2009-04-16,600685.SH,16.4294,17.6607,16.4294,17.6607,370276.12,3,82.71324507247178,72.06544638689783,104.00884244361967,88.34434591087974,80.83900214018044,75.65606951892012,6539335.472483999,0.0697197732819196,0.0697197732819196
2009-04-17,600685.SH,17.5515,17.5733,16.7937,17.1289,211409.26,4,82.36222062894933,75.49770446758166,96.09125295168468,72.6578522518472,70.78422852335294,68.2711084307819,3621208.0736140003,-0.02467175358604459,0.04551372242233876
2009-04-20,600685.SH,17.0925,18.7828,17.0852,18.5423,212833.81,0,86.23364946113423,79.07635279876584,100.54824278587103,82.54345872861974,78.527693854923,75.03058373204013,3946428.355163,0.07818878995593857,0.09155282785846423
2009-04-21,600685.SH,18.2145,19.0888,17.9303,18.8702,180779.11,1,89.12734686278452,82.42668415343873,102.5286722814761,84.13983735630248,79.87748084974739,76.25516329604767,3411337.961522,0.034747909402126076,0.06139309599262329
2009-04-22,600685.SH,19.0742,19.2418,17.0852,17.1362,224232.46,2,76.98530299721571,80.61289043469772,69.7301281222517,53.242319358389096,58.619396384453225,60.01384868694741,3842492.2810519994,-0.11309391813821049,0.1258505386258331
2009-04-23,600685.SH,16.8229,17.4057,16.2473,16.9395,112732.23,3,65.71210741833849,75.64596276257797,45.84439672985954,50.70759103598328,56.750383076682425,58.538044272985616,1909627.6100849998,0.006883320050768811,0.0683845449983766
2009-04-24,600685.SH,16.852,17.6535,16.5387,16.6043,76935.18,4,54.71253952725532,68.66815501747041,26.80130854682514,46.20894898750186,53.574825250024446,56.08553180483026,1277454.8092739999,-0.014917822491764291,0.06713923501743539
2009-04-27,600685.SH,16.6043,16.6043,15.1544,15.3876,97681.68,0,38.37680580380411,58.571038612914975,-2.0116598144176123,33.32948462871356,43.857199239376236,48.4044680379412,1503086.619168,-0.0790701603888844,0.09422522030726024
2009-04-28,600685.SH,15.3584,15.7956,15.1909,15.781,53830.44,1,30.69455008766272,49.278875771164216,-6.474101279340275,39.83589247819694,47.23317843214482,50.683232231208294,849498.17364,0.026779038083771686,0.038318230783854074
2009-04-29,600685.SH,15.781,16.393,15.5552,16.24,61248.68,2,29.316257119980506,42.62466955410298,2.6994322517355585,47.068300002213554,50.984674286195485,53.199734601197854,994678.5631999999,0.028263546798029428,0.05158866995073901
2009-04-30,600685.SH,16.393,16.393,15.9413,16.1307,65955.01,3,27.506037962552934,37.585125690252966,7.347862507152868,45.50517078177017,50.0601220001721,52.5336472686044,1063900.479807,-0.016260918621014572,0.028002504541030496
2009-05-04,600685.SH,16.1089,16.8447,16.1089,16.75,69171.54,0,31.34970552888369,35.50665230312987,23.03581198039133,55.543544622376714,55.093614301590236,55.80522301010527,1158623.295,0.038274626865671735,0.04392835820895529
2009-05-05,600685.SH,16.9759,17.2673,16.8302,16.9395,76611.03,1,35.45755025668462,35.49028495431479,35.39208086142429,58.36003216753398,56.55530466191014,56.756878362008486,1297752.542685,-0.0021488237551285714,0.025803595147436312
2009-05-06,600685.SH,16.9759,17.2673,16.6189,17.26,72643.27,2,51.72314402424354,40.90123797762437,73.36695611748188,63.104102775223595,59.016594209065524,58.34005602704096,1253822.8402000002,0.01646002317497116,0.03756662804171487
2009-05-07,600685.SH,17.3839,17.4786,16.5023,16.9176,89134.61,3,57.99989575740253,46.60079057088375,80.79810613044008,55.06183696445935,55.36126703187271,56.0523735151533,1507943.678136,-0.027563011301839527,0.0577091313188631
2009-05-08,600685.SH,16.6844,16.8666,16.342,16.6262,62525.33,4,59.774935524583356,50.99217222211695,77.34046212951617,48.720645090721355,52.3508923457963,54.166137741383274,1039558.6416460001,-0.0035004992120869086,0.03155260973644004
2009-05-11,600685.SH,16.7136,16.8302,15.9049,15.934,73410.56,0,50.67742565301083,50.88725669908157,50.25776356086935,36.67951859338568,45.88516432646517,49.995891141479724,1169723.86304,-0.048926823145475105,0.05807079201707053
2009-05-12,600685.SH,15.7373,16.138,15.5624,16.0287,75002.69,1,41.990905168278765,47.92180618881396,30.129103127208367,39.14853926964219,46.86461843378055,50.53950945169855,1202195.617203,0.018179889822630732,0.03591058538746133
2009-05-13,600685.SH,16.1016,16.3857,16.0943,16.3129,48440.48,2,41.0492893864439,45.6309672546906,31.885933649950502,46.64128843151579,49.83706038513992,52.16792451245582,790204.706192,0.012952939085018472,0.017863163508634237
2009-05-14,600685.SH,16.2473,16.2473,15.7956,16.1453,67233.93,3,37.50605306415605,42.92266252451242,26.67283414344331,42.9028715135851,48.10578795665758,51.13198899286204,1085511.9700289997,-0.006317628040358514,0.027977182214018872
2009-05-15,600685.SH,16.1016,16.2546,15.9413,16.036,62532.99,4,33.24256301761677,39.695962688880535,20.33576367508924,40.37060261878689,46.945562863794756,50.4502439490949,1002779.0276400001,-0.004090795709653272,0.01953729109503616
2009-05-18,600685.SH,15.9923,16.3202,15.5989,16.2983,56706.8,0,34.96308640516205,38.11833726097437,28.65258469353742,49.03357629418789,50.096519642240786,52.05116136617655,924224.43844,0.01877496426007626,0.04425614941435606
2009-05-20,600685.SH,16.0579,16.8666,16.0579,16.2837,105371.63,2,35.85612711601833,37.36426721265569,32.839846922743604,48.56233649796552,49.916504917896056,51.95366653708724,1715840.011431,0.013866627363559852,0.049663160092607836
2009-05-21,600685.SH,16.2764,16.2764,15.5552,15.679,74706.36,3,27.050849016291235,33.92646114720087,13.299624754471964,32.86440273062577,42.944140700629404,48.062929203303455,1171321.01844,-0.038101919765291065,0.04599783149435548
2009-05-22,600685.SH,15.6134,15.73,15.3001,15.4823,47404.22,4,21.910907536555047,29.921276610318927,5.890169389027292,29.182208359529227,40.91607146564095,46.87148898276187,733926.355306,-0.008467734122191147,0.027767192213043277
2009-05-25,600685.SH,15.1544,15.5114,14.4331,15.475,74808.59,0,28.878896922185255,29.57381671427437,27.489057338007036,29.03731875596445,40.837989583186044,46.826536264147144,1157662.93025,0.020717285945072626,0.06968012924071086
2009-05-26,600685.SH,15.4386,15.6644,15.1399,15.373,40158.04,1,32.12705860150341,30.42489734335071,35.5313811178088,26.805772206564725,39.683649376207626,46.18077917118766,617349.54892,-0.004267221752423072,0.03411825928576073
2009-05-27,600685.SH,15.4167,15.5042,15.1471,15.4094,32665.0,2,34.79109570762511,31.880296798108844,40.61269352665764,29.137866572717556,40.3401593535064,46.45574243195189,503348.051,-0.0004737368099991402,0.023174166417900818
2009-06-01,600685.SH,15.7373,16.0142,15.6062,15.8903,60545.84,0,43.154340498460584,35.63831136489276,58.18639876559624,52.91962049128143,48.430086824932566,49.97886387866193,962091.561352,0.009628515509461777,0.025676041358564626
2009-06-02,600685.SH,16.2109,16.6043,16.036,16.2546,84959.42,1,53.71990619902853,41.66550964293801,77.82869931120958,63.92532260515985,53.626733421808936,52.45192825826764,1380981.388332,0.002688469725493164,0.03496241064068
2009-06-03,600685.SH,16.291,16.393,16.1016,16.2983,54141.83,2,61.36220580380414,48.23107502989339,87.62446735162564,65.09970729271586,54.23028695855872,52.74437116291334,882419.7878890001,0.00044789947417833454,0.01787916531171959
2009-06-04,600685.SH,16.2837,16.5387,16.1089,16.5169,74790.33,3,72.89966262626493,56.45393756201723,105.79111275476032,70.80487296003517,57.26546632297291,54.214279845886864,1235304.401577,0.014118872185458535,0.026021832184005486
2009-06-05,600685.SH,16.9103,17.3766,16.5387,16.6189,147316.4,4,73.35262033642734,62.08683182015393,95.88419736897416,73.25305979214134,58.660889319435526,54.89736081180953,2448236.5199599997,-0.017534253169583992,0.05041849941933589
2009-06-08,600685.SH,16.6116,16.7427,16.0287,16.1744,61721.94,0,68.6209020916763,64.26485524399472,77.33299578703947,50.92260242468447,50.77835785587272,51.40964012452333,998315.3463359999,-0.027030368978138337,0.04414383222870701
2009-06-09,600685.SH,16.0506,16.2546,15.7446,16.1599,43191.9,1,60.948233769527235,63.15931475250555,56.5260718035706,50.32210912419548,50.53669566399507,51.29870316472559,697976.78481,0.0067636557156913754,0.031559601235156144
2009-06-10,600685.SH,16.6189,16.7573,16.2473,16.3274,76506.4,2,58.278862880813634,61.532497461941574,51.77159371855777,57.301786323287565,53.335375409059644,52.53337146176365,1249150.59536,-0.017853424305155702,0.031235836691696262
2009-06-11,600685.SH,16.2837,16.3639,15.9632,15.9923,54763.83,3,46.122118859840526,56.39570459457455,25.574947390372472,42.848946250779605,47.47310443384059,49.89284189332334,875799.598509,-0.018221268985699333,0.025055808107651838
2009-06-12,600685.SH,15.9923,16.138,15.6353,15.7664,41586.53,4,33.25769848987933,48.683035893009475,2.4070236836190446,35.58774386772991,43.92275976258816,48.18900154609772,655669.866592,-0.01432793789324128,0.03188426019890405
2009-06-15,600685.SH,15.6717,15.8684,15.5114,15.8612,32052.31,0,28.423139332090546,41.92973703936983,1.409943917531976,40.652345681965265,45.77915246829766,48.95238306369244,508388.099372,0.011947393639825528,0.02250775477265272
2009-06-16,600685.SH,15.6863,15.7737,15.5916,15.7009,27565.18,1,22.33534901787666,35.398274365538775,-3.7905016774475797,35.05887682210381,43.144505312497444,47.711999821784964,432798.134662,0.0009298830003376558,0.011598061257634922
2009-06-17,600685.SH,15.6717,15.9413,15.5916,15.9267,35267.2,2,22.312135602310228,31.036228111129258,4.8639505846721605,47.3127368599862,47.76408922340595,49.589487040110285,561690.1142399999,0.016010849705212053,0.021956839772206443
2009-06-18,600685.SH,15.9777,16.3056,15.934,16.1089,53141.69,3,30.860523716145337,30.97765997946795,30.62625118950011,55.45203046752125,51.250762406349594,51.06882844236614,856054.170041,0.008144566047340165,0.02306799346944851
2009-06-19,600685.SH,16.2182,16.6262,16.0724,16.5314,79949.12,4,47.863192068890235,36.606170675942046,70.37723485478661,68.84481747506473,58.29310058262586,54.31298514825318,1321670.882368,0.018945763819156386,0.03349988506720559
2009-06-22,600685.SH,16.6844,16.7282,16.1016,16.2473,68573.9,0,51.597373250196796,41.603238200693625,71.58564334920314,55.404392228359946,52.70767826666719,51.89863597473902,1114140.72547,-0.02690293156401377,0.03856640795701439
2009-06-23,600685.SH,16.0214,16.0506,15.7883,15.934,48609.83,1,45.97506233335492,43.06051291158072,51.80416117690332,44.02932043129836,47.26001295000223,49.373067853841185,774549.03122,-0.005485126145349604,0.016461654324086843
2009-06-24,600685.SH,15.9413,16.5242,15.9413,16.5096,63135.63,2,57.99499005436454,48.03867195917533,77.90762624474297,61.46964597346546,56.3103378387799,53.693151581217315,1042343.9970479999,0.034422396666182034,0.035306730629451985
2009-06-25,600685.SH,16.5242,16.7209,16.24,16.3493,68596.93,3,61.61697561809703,52.56477317881589,79.72138049665931,55.672324962221474,53.520093031135545,52.39391702371718,1121511.7876489998,-0.010697705712171221,0.029414103356107106
2009-06-26,600685.SH,16.43,16.43,16.0359,16.0954,42428.71,4,55.85304386622625,53.660863407952675,60.23740478277341,47.20964699761271,49.29913338548224,50.37911764386049,682907.0589340001,-0.02078854828087517,0.024485256657181435
2009-06-29,600685.SH,16.0954,16.3408,15.917,16.259,42622.01,0,56.80835806109024,54.71002829233186,61.00501759860698,52.761825347171985,51.96222660561784,51.629760151245385,692991.2605900001,0.01006211944154,0.026065563687803783
2009-06-30,600685.SH,16.3482,16.876,16.14,16.5563,80949.7,1,61.40814015080618,56.942732245156634,70.33895596210527,61.57472264492022,56.49260273572983,53.83606994530535,1340227.51811,0.012569233463998703,0.044454376883724056
2009-07-01,600685.SH,16.4894,16.6456,16.2367,16.6084,58690.18,2,66.07130277468164,59.985589088331636,78.24273014738165,63.025343155459915,57.26312558661241,54.217934941099735,974749.9855119999,0.007165049011343644,0.02462007177091127
2009-07-02,600685.SH,16.6604,17.7533,16.4671,17.389,204774.18,3,71.20105511526698,63.72407776397675,86.15500981784746,77.97486806345525,66.85699300557542,59.460669577730364,3560818.2160199997,0.04190005175685779,0.07396630053482092
2009-07-03,600685.SH,17.0991,17.9689,16.9355,17.4262,177020.86,4,72.50482154280203,66.65099235691851,84.21247991456909,78.47261674767542,67.23933031588302,59.69021612586456,3084800.910532,0.01877058681755067,0.05930151151714087
2009-07-06,600685.SH,17.4856,17.7384,17.0842,17.2477,97177.79,0,69.95391046466702,67.75196505950134,74.35780127499837,69.4369765099373,63.410220040780224,58.04457726692258,1676093.3685829998,-0.013793143433617431,0.03792969497382257
2009-07-07,600685.SH,17.3147,17.6715,17.3147,17.441,99522.74,1,71.39348210031358,68.96580407310542,76.2488381547299,73.41488046412256,65.71664836165374,59.312150778750535,1735776.10834,0.0072415572501577045,0.020457542572100418
2009-07-08,600685.SH,17.4485,17.4485,16.8835,17.1065,85331.9,2,66.91920851296632,68.28360555305905,64.19041443278087,57.79454544578187,58.72821548827199,56.24378408410229,1459730.14735,-0.019992400549498655,0.03302838102475654
2009-07-09,600685.SH,17.1362,17.5079,16.9875,17.389,81382.42,3,68.52560194543449,68.3642710171842,68.84826380193508,65.2810119053687,62.410998048032596,58.15164921430486,1415158.90138,0.014537926275231502,0.02992696532290521
2009-07-10,600685.SH,17.4336,18.1101,17.389,17.7533,125085.21,4,72.98014936389032,69.9028971327529,79.13465382616516,72.75857502599368,66.60332667753627,60.470906318731444,2220675.258693,0.018007919654374174,0.040617800634248274
2009-07-13,600685.SH,17.6938,18.7346,17.6195,18.2737,153535.68,0,75.8362664894676,71.88068691832446,83.74742563175388,80.10401527507798,71.54835305686261,63.48722299581089,2805664.955616,0.03173413156613067,0.0610221246928647
2009-07-14,600685.SH,18.4224,18.5711,18.0655,18.3555,95197.31,1,78.3178932054003,74.02642234734974,86.9008349215014,81.0669689985976,72.25286463340186,63.93856166564389,1747394.2237049998,-0.003644684154613081,0.027544877557135528
2009-07-15,600685.SH,18.519,18.6974,18.2216,18.5339,105138.91,2,81.9311948256051,76.66134650676818,92.47089146327895,83.19553647821797,73.79658530671546,64.92524386257844,1948634.044049,0.0008039322538699789,0.025671876939014432
2009-07-16,600685.SH,18.7569,19.2476,18.125,18.1473,134151.78,3,72.44012173405329,75.25427158252988,66.81182203710011,64.37497432709074,65.21873437736039,61.14232848343186,2434492.597194,-0.03359177398290657,0.06186044204923038
2009-07-17,600685.SH,18.0358,18.3183,17.7458,17.9689,109263.96,4,63.597335643296375,71.36862626945204,48.05475439098504,57.20847327581711,61.61345164795157,59.47371962743597,1963353.1708440003,-0.003723099354996513,0.03186060359843961
2009-07-20,600685.SH,17.9912,18.7421,17.9689,18.6231,121913.7,0,66.92623301166535,69.88782851685647,61.00304200128309,71.27848327867807,68.56504101292144,63.30559611879372,2270411.02647,0.03393097819374871,0.04151832938662195
2009-07-21,600685.SH,18.6603,18.8015,18.1399,18.177,105276.16,1,62.16096020225207,67.31220574532168,51.85846911611287,56.16662471628919,60.42491150312392,59.31494312661006,1913604.7603200001,-0.026588545964680632,0.03639764537602465
2009-07-22,600685.SH,18.177,18.5711,18.1027,18.2737,77170.65,2,57.307421583236774,63.97727769129337,43.967709367123604,58.45763052958944,61.505620361421315,59.88690319672165,1410193.306905,0.005291758100439538,0.02563246633139444
2009-07-23,600685.SH,18.4372,18.4372,17.8276,18.0284,92873.57,3,46.57666936087789,58.1770749144882,23.37585825365727,50.43358414224161,57.18423712095803,57.73833320605004,1674361.8693880003,-0.02267533447227704,0.033813316766878945
2009-07-24,600685.SH,18.1993,19.1212,18.1696,18.6528,180163.3,4,51.18251078535376,55.84555353811005,41.856425279841176,65.07623891918587,64.17396991041296,61.415236782405536,3360550.00224,0.02431270372276539,0.051016469377251815
2009-07-27,600685.SH,18.7346,20.5189,18.4819,20.5189,245081.44,0,67.45500719023583,59.715371422151975,82.93427872640353,83.04229292173842,76.61871194531032,69.64997946363269,5028801.559216,0.08695885257006947,0.09927432757116605
2009-07-28,600685.SH,20.7345,22.1544,20.5783,21.3292,293249.86,1,72.06401801008238,63.83158695146211,88.52888012732292,86.62699372226592,79.9223964976947,72.32606191501404,6254784.913912,0.02788196463064717,0.07389400446336479
2009-07-29,600685.SH,21.3367,21.7084,19.1956,19.8349,187627.84,2,63.838320524920874,63.83383147594836,63.84729862286591,59.01830762144479,62.232417073747875,61.8343643156323,3721579.443616,-0.0757150275524454,0.126685791206409
2009-07-30,600685.SH,20.0505,20.8014,19.4186,20.727,151888.79,3,64.89563422502044,64.18776572563905,66.31137122378323,66.63605950054446,66.99078797435634,64.99744213353131,3148198.9503300004,0.03263858734983359,0.0667149129155208
2009-07-31,600685.SH,20.7791,22.8012,20.675,22.8012,253083.29,4,76.59708948334696,68.32420697820835,93.14285449362418,78.03019660588035,74.98485486476932,70.85730646985479,5770602.711948001,0.08868392891602203,0.09324947809764401
2009-08-03,600685.SH,23.3068,24.9572,22.8979,24.2138,270046.04,0,80.92240884766517,72.52360760136062,97.72001134027425,82.82396318526935,78.79936387925407,73.95580118056617,6538840.803351999,0.03745797850812347,0.08504654370648145
2009-08-04,600685.SH,23.7157,24.5855,23.1655,24.2361,191872.42,1,83.91021526409276,76.319143488938,99.09235881440227,82.8946680225848,78.85489286366276,74.00133574350434,4650239.158362,0.0214721015344879,0.05859028474053161
2009-08-05,600685.SH,24.0056,26.1393,23.7231,25.1654,181829.92,2,85.20013238392413,79.27947312060004,97.04145091057228,85.81475242844587,81.10478784075019,75.83826631973155,4575822.668768001,0.046087087826937004,0.09601277945115118
2009-08-06,600685.SH,24.5334,26.0947,24.2361,24.303,178847.43,3,82.13984674664688,80.23293099594898,85.9536782480427,72.10675787128042,73.21781259336105,70.981752367524,4346529.09129,-0.009480311072707052,0.07647615520717603
2009-08-07,600685.SH,23.79,24.9052,22.2957,22.6228,166097.95,4,71.2122215201974,77.22602783736511,59.18460888586199,52.500033996573386,60.67692339969131,62.805245594605466,3757600.7032600003,-0.051593967148186676,0.11534823275633434
2009-08-10,600685.SH,22.6525,23.002,21.1136,21.7009,142039.39,0,59.501543612175524,71.31786642896859,35.868897978589416,44.52804372778636,55.034590390580014,58.91939915951281,3082382.5984510006,-0.043850715868927054,0.08701943237377238
2009-08-11,600685.SH,21.8199,22.5931,21.2623,22.2883,83353.64,1,53.90083613853199,65.51218966548971,30.678129084616558,50.298474883173505,57.764519031266886,60.54252624401364,1857810.934412,0.021015510379885367,0.059708456903397746
2009-08-12,600685.SH,22.0801,22.0875,20.2735,20.4222,95602.85,2,36.77890195385693,55.93442709494545,-1.5321483283201047,36.015787888985386,47.72317968017804,53.53110125602936,1952420.5232700002,-0.08118126352694624,0.08882490622949535
2009-08-13,600685.SH,20.3999,21.0244,19.9464,20.8906,77582.17,3,29.60143195272441,47.156762047538436,-5.509228236903638,41.05716667495304,50.098460497746416,54.8991325362853,1620738.080602,0.023489033345140894,0.05160215599360475
2009-08-14,600685.SH,21.0244,21.0467,19.7754,19.939,81411.76,4,20.591204848593136,38.30157631455667,-14.82953808333393,34.44145223126607,45.515067506671876,51.674145985531446,1623269.08264,-0.05443602989116806,0.06375946637243593
2009-08-17,600685.SH,19.4037,19.82,18.809,18.8461,75143.39,0,13.896176045695464,30.166442891602934,-18.644357646119474,28.18281966063212,40.834442002078156,48.27555355158868,1416159.842279,-0.02958702330986256,0.05364505123075858
2009-08-18,600685.SH,18.8536,20.7345,18.8536,20.7345,110589.85,1,18.07361176149841,26.135499181568093,1.9498369213590365,47.83701434494682,50.441102939795556,53.75895892379805,2293025.2448250004,0.090713545057754,0.090713545057754
2009-08-19,600685.SH,20.4817,20.8906,19.7011,20.333,113497.88,2,20.38213444664397,24.217710936593384,12.710981466745139,44.71487872079608,48.61042058557788,52.52362558557797,2307752.3940399997,-0.007313234643190952,0.05850095903211523
2009-08-20,600685.SH,20.4445,21.8571,20.1769,21.411,130762.98,3,34.273358730388466,27.569593534525076,47.680889122115246,54.32046413815733,53.54841640137698,55.39527113235485,2799766.16478,0.045140348419036934,0.07847368175237024
2009-08-21,600685.SH,21.188,21.8422,20.9129,21.4556,116926.63,4,46.16224320563463,33.767143424894925,70.95244276711404,54.7111290529246,53.74900276911866,55.511443036953374,2508731.002628,0.012472268312235576,0.043312701579074825
2009-08-24,600685.SH,21.4853,22.6154,20.8162,22.3775,147578.68,0,62.02482880375642,43.186371884515424,99.70174264223843,62.63711551831919,57.85298290811711,57.87771413288809,3302441.9117,0.039870405541280414,0.08040218969947503
2009-08-25,600685.SH,21.9314,22.0801,20.3702,21.2623,127887.45,1,62.83387774250707,49.73554050384597,89.03055221982927,49.9480285104056,51.788734851957926,54.23639026151451,2719181.328135,-0.031468843916227326,0.0804193337503469
2009-08-26,600685.SH,21.0393,22.1396,20.5932,21.3887,92932.11,2,64.48015136595889,54.65041079121694,84.1396325154428,51.29014743336792,52.405599576385285,54.574397772002925,1987697.021157,0.016335728679162328,0.07229985927148457
2009-08-27,600685.SH,21.1805,21.6786,20.7047,21.017,67043.43,3,62.32262297873508,57.20781485372299,72.55223922875929,46.856451176826496,50.3393487139403,53.364939222155904,1409051.7683099997,-0.007779416662701579,0.046338678212875316
2009-08-28,600685.SH,20.7791,21.1731,19.9093,20.0802,70633.4,4,52.41732559260738,55.61098510001778,46.03000657778658,37.145287379020836,45.41603559789825,50.4259764793618,1418332.79868,-0.03480543022479847,0.06293762014322565
2009-08-31,600685.SH,19.5524,19.6416,18.2142,18.2588,77507.82,0,35.282670392647994,48.83488019756118,8.178250782821621,25.038105852665367,37.61342762226054,45.35800815248021,1415199.7838160002,-0.07084802944333679,0.07817600280412725
2009-09-01,600685.SH,18.2514,18.9428,18.1027,18.4744,59085.48,1,26.267364944992668,41.31237511337167,-3.8226553917653376,28.35513341249481,38.967444584627195,46.028008226340944,1091568.791712,0.012070757372363865,0.04547373663014764
2009-09-02,600685.SH,18.348,18.6974,17.7682,18.2142,44866.37,2,20.578639401629605,34.401129876124315,-7.066341547359812,26.64746254213709,37.884898958979164,45.32807351553556,817205.0364540002,-0.007345916921961834,0.05101514203204082
2009-09-03,600685.SH,18.296,19.5896,18.2142,19.3814,69493.51,3,24.812782762224096,31.20501417149091,12.028319943690477,44.60548381053162,45.31868083465545,48.96101787375942,1346881.5147139998,0.05600214638777384,0.07096494577275114
2009-09-04,600685.SH,19.4037,19.8423,19.0394,19.6267,70614.14,4,30.71351642750398,31.04118159016193,30.05818610218808,47.826736948262614,46.77896299749155,49.69409390442531,1385922.5415379999,0.011362073094305154,0.040908558239541086
2009-09-07,600685.SH,19.6639,20.281,19.5301,19.6937,71837.39,0,35.15823545640464,32.4135328789095,40.64764061139492,48.80254622841672,47.1991134418756,49.899187662387156,1414744.0074429999,0.001513174263850777,0.03812894478945033
2009-09-08,600685.SH,19.4037,21.5597,19.1435,20.8534,118725.13,1,49.73792347393697,38.18832974391866,72.8371109339736,63.12698689359135,54.04889702691413,53.33536522956223,2475822.625942,0.0695186396462927,0.11586599787085079
2009-09-09,600685.SH,20.8162,21.0393,20.4445,21.0021,89273.42,2,61.589755479613515,45.988804989150275,92.79165646053998,64.64886285102442,54.8678806843451,53.75969183925676,1874929.2941819998,0.008851495802800681,0.028320977426066887
2009-09-10,600685.SH,20.9278,20.9501,20.2289,20.556,65653.76,3,65.56904618241764,52.515552053572726,91.67603444010744,56.28568915130511,51.843848929035545,52.27175619302351,1349578.69056,-0.01808717649348124,0.03508464681844715
2009-09-11,600685.SH,20.4594,21.2623,20.2215,20.9278,64997.33,4,71.49062175931013,58.84057528881852,96.79071470029335,61.293547178146,54.141850950751255,53.39360279710433,1360251.122774,0.022381712363459254,0.049732891178241416
2009-09-14,600685.SH,20.8162,21.4036,20.6899,21.292,66107.75,0,78.64023779514254,65.44046279092652,105.0397878035746,65.88719415461571,56.36687189934246,54.48707250419471,1407566.213,0.022346421191057817,0.03351963178658648
2009-09-15,600685.SH,21.2772,21.4779,20.8162,21.292,76332.76,1,83.09289404546394,71.32460654243899,106.62946905151384,65.88719415461571,56.36687189934246,54.48707250419471,1625277.12592,0.0006950967499530826,0.031077399962427355
2009-09-16,600685.SH,21.188,21.188,20.4445,20.727,60656.3,2,77.71535686565959,73.45485665017918,86.23635729662038,52.07972895876261,51.7327370494463,52.410004394585485,1257223.1301000002,-0.022241520721763813,0.03587108602306158
2009-09-17,600685.SH,20.9798,21.5597,20.9724,21.2549,91899.44,3,80.93862132240892,75.94944487425576,90.91697421871524,61.19696331736422,55.46472828019721,54.115345835392255,1953313.407256,0.012942897872960981,0.027631275611741248
2009-09-18,600685.SH,21.3143,21.7678,19.7011,20.4668,94183.04,4,70.76737261654478,74.22208745501877,63.857942939596796,45.640652577979296,49.26155027574782,51.254211126934365,1927625.4430719998,-0.04140852502589561,0.10097816952332563
2009-09-21,600685.SH,20.2215,20.5263,19.7085,20.4743,53063.78,0,59.64901501156853,69.36439664053535,40.21825175363489,45.797997687708474,49.320393855051876,51.27979052709631,1086443.750854,0.012347186472797634,0.039942757505751034
2009-09-22,600685.SH,20.4148,20.5114,19.6342,19.6714,47881.54,1,40.347187360543224,59.69199354720464,1.6575749872204,33.3842673830504,43.43720826409761,48.44027990838685,941896.925956,-0.03779090456195295,0.04459265736043182
2009-09-23,600685.SH,19.6267,19.9613,18.6603,18.8387,59628.43,2,28.811774679085666,49.39858725783164,-12.361850478406282,24.963239414906937,38.27205238259018,45.70161251635383,1123322.104241,-0.041828788610679096,0.06905996698285986
2009-09-24,600685.SH,18.5859,19.0766,18.0655,18.7421,53786.28,3,25.299558543676252,41.36557768644651,-6.832479741864262,24.116391555770917,37.704646899353364,45.39096063479507,1008067.838388,0.008334178133720442,0.05394806345073385
2009-09-25,600685.SH,18.7346,18.9056,18.5042,18.6751,30528.23,4,22.354852496421607,35.02866928977154,-2.992781090278271,23.454169807533304,37.28638501196312,45.168751640182826,570117.748073,-0.0031860605833435906,0.021493860809312874
2009-09-28,600685.SH,18.6826,19.0171,17.8351,17.9466,32859.29,0,15.848302423725384,28.635213667756155,-9.725520064336159,17.267503781391113,32.95066778809121,42.79195228968127,589712.533914,-0.04101055353103098,0.0658620574370632
2009-09-29,600685.SH,17.8871,17.9912,17.1065,17.5972,41481.94,1,14.074570339849561,23.78166589178729,-5.339620764025895,14.991575948507446,31.060907510967667,41.69394759078265,729965.9945680001,-0.01647421180642371,0.050275043756961256
2009-09-30,600685.SH,17.6566,18.1324,17.6195,17.8797,33752.6,2,14.91226263419228,20.82519813925562,3.086391624065598,24.629964786482816,34.38031630573629,42.92942080844765,603486.36222,0.012477837995044589,0.02868616363809247
2009-10-09,600685.SH,18.3629,19.0246,18.3629,18.9874,43932.38,4,28.27493922771523,23.308445168742153,38.207927345661375,50.85069604301754,45.587278155004256,47.48255446933998,834161.672012,0.03289023246995382,0.034849426461758835
2009-10-12,600685.SH,19.032,19.0692,18.4372,18.6008,31761.06,0,33.47887663395843,26.69858899048091,47.03945192091346,44.38385687437698,42.80394126813744,46.14190050261997,590781.124848,-0.023181798632316914,0.033977033245881784
2009-10-13,600685.SH,18.5488,19.1361,18.4372,18.8313,32320.02,1,42.45843188422409,31.95186995506197,63.471555742548325,49.02223622667435,44.98854603458458,47.071644764079586,608627.992626,0.015001619643890697,0.03711374148359372
2009-10-14,600685.SH,18.8313,19.3294,18.8313,19.1509,43248.24,2,58.96227097798424,40.955336962702724,94.97613900854726,55.234198987221895,47.9931793602023,48.36139677973195,828242.719416,0.01668851072273372,0.026009221498728564
2009-10-15,600685.SH,19.4037,19.7606,19.1807,19.2699,43285.97,3,66.47872182727804,49.46313191756116,100.5099016467118,57.54568534334639,49.1219293056602,48.845706852066925,834116.3133030001,-0.006943471424345783,0.03009356561269122
2009-10-16,600685.SH,19.3145,19.4706,18.6603,19.0246,37215.72,4,68.40892094037616,55.778394925166154,93.66997297079618,51.02810693953221,46.83603218208376,47.87979980806587,708014.186712,-0.015238165322792563,0.042592222701134407
2009-10-19,600685.SH,18.7792,19.8869,18.7792,19.8646,57796.24,0,78.67193300307433,63.409574284468874,109.19665044028523,66.58145812491975,54.7093860626281,51.319563010057195,1148099.1891039999,0.05463991220563213,0.055762512207645824
2009-10-20,600685.SH,20.2958,20.8832,20.2438,20.4594,119744.83,1,81.45286796011351,69.42400550968375,105.51059286097302,73.683434402481,59.3587128662416,53.58303085745539,2449907.3749019997,0.00799632442789128,0.031252138381379635
2009-10-21,600685.SH,20.3702,20.5932,20.0356,20.2289,51523.26,2,78.98151360813503,72.60984154250085,91.7248577394034,67.05648407785544,56.889805224744734,52.594157357826376,1042258.8742140001,-0.006985056033694422,0.02756452402256182
2009-10-22,600685.SH,20.1323,20.2215,19.7011,19.9762,60359.03,3,73.62735957631459,72.94901422043876,74.98405028806627,59.96178519765072,54.193964886585654,51.506742493417946,1205744.055086,-0.007814299015828943,0.026051000690822012
2009-10-23,600685.SH,20.0728,20.452,20.0728,20.2141,55965.81,4,73.29995135559156,73.06599326548968,73.76786753579532,64.23646926681738,56.31976510216808,52.472079995073074,1131298.4799209998,0.006990170227712218,0.01875918294655715
2009-10-26,600685.SH,20.2141,20.2884,19.7011,19.8572,42969.19,0,66.81466008917613,70.98221554005183,58.47954918742474,53.8804293205336,52.34411399365535,50.88633091206264,853247.799668,-0.017973329573152286,0.029576173881513963
2009-10-27,600685.SH,19.4855,19.7011,18.809,18.8684,72408.38,1,47.66365495890644,63.209362013003364,16.57224085071259,35.078674495188935,43.140068943441,46.79771640123182,1366230.277192,-0.03270547582200913,0.047280108541264715
2009-10-28,600685.SH,18.6603,19.3145,18.6603,19.0989,51759.9,2,38.35276398942918,54.92382933847863,5.210633291330268,40.85230371054156,45.57378575642661,47.817586979924364,988557.15411,0.02296467335815157,0.03425328160260536
2009-10-29,600685.SH,18.6677,18.9279,18.5859,18.6082,35972.2,3,25.892077573068594,45.24657875000862,-12.816924780811448,33.289325039869865,41.45323014039405,45.86450689314232,669377.89204,-0.0031975150739996286,0.018378994206855168
2009-10-30,600685.SH,18.809,19.3294,18.809,19.084,39783.19,4,24.488709879310647,38.32728912644262,-3.188448614953302,45.112618337994064,46.56384137042811,48.01292861039686,759222.39796,0.014409976944036815,0.027268916369733737
2009-11-02,600685.SH,18.5116,19.4781,18.3703,19.4706,48238.79,0,32.825274248570096,36.49328416715178,25.489254411406733,53.199995246141874,50.40148425730863,49.70524270371875,939238.1845740001,0.049253746674473284,0.056896038129282143
2009-11-03,600685.SH,19.4632,19.9093,19.4632,19.7011,59345.76,1,43.1930228189295,38.72653038441102,52.12600768796645,57.66316945114659,52.6149281260179,50.703616477127255,1169176.752336,0.012075467867276436,0.02264340569815905
2009-11-04,600685.SH,19.7011,19.9241,19.5598,19.9167,55951.21,2,53.557161807550045,43.67007419212403,73.33133703840208,61.75682208543843,54.67873131481215,51.64055900416255,1114363.4642069999,0.010825086485210828,0.01829118277626314
2009-11-05,600685.SH,20.0505,20.0877,19.8275,20.0059,56228.79,3,64.12873574998237,50.48962804474347,91.40695116046018,63.50860565098396,55.55246499079203,52.034135964710806,1124907.5498610002,-0.0022293423440084715,0.013006163181861406
2009-11-06,600685.SH,20.2958,21.9314,20.0877,21.5969,195014.73,4,72.95476882222951,57.97800830390548,102.90828985887757,81.57392996586273,67.67735474001957,58.34393299893955,4211713.622337,0.060244757349434484,0.08536873347563763
2009-11-09,600685.SH,21.4482,21.4482,20.727,20.9352,102093.53,0,72.6450117946405,62.86700946748382,92.20101644895387,65.41224729317754,60.22358094231866,55.19298414244966,2137348.4692559997,-0.024504184340249997,0.03444915739997706
2009-11-10,600685.SH,21.2995,21.2995,20.7419,20.7939,68285.3,1,71.11588207798981,65.6166336709858,82.11437889199783,62.25179429054963,58.717088577032165,54.53668950301152,1419917.69967,-0.024314823097158184,0.02681555648531527
2009-11-11,600685.SH,20.8162,22.0801,20.4594,21.1582,129492.44,2,72.46045596940114,67.89790777045758,81.58555236728824,67.16067760954571,61.430700163579374,55.945981312411135,2739826.944008,0.016163945893318064,0.07659914359444579
2009-11-12,600685.SH,21.0839,21.9314,20.8906,21.1359,80974.37,3,73.15646837300919,69.65076130464143,80.16788250974469,66.52520105838549,61.16223067453249,55.83542620663544,1711466.186883,0.0024602690209548496,0.04924323071172748
2009-11-13,600685.SH,21.0988,21.2103,20.5783,21.0244,75607.23,4,68.65710371949703,69.3195421095933,67.33222693930449,62.95131643852614,59.73819735991142,55.265631441436156,1589596.6464119998,-0.003538745457658753,0.030060310876885973
2009-11-16,600685.SH,21.1359,21.7084,21.1359,21.582,88000.96,0,72.5168957410489,70.38532665341182,76.78003391632305,71.98357234187588,64.27588660730271,57.527403005464215,1899236.7187200002,0.020670002780094583,0.026526735242331644
2009-11-17,600685.SH,21.7232,21.7753,21.3218,21.5522,61240.12,1,73.8662166226543,71.54562330982597,78.507403248311,70.87543413285997,63.85629450169303,57.36565598214484,1319859.314264,-0.007934224812316116,0.021041935394066583
2009-11-18,600685.SH,21.5225,21.7084,21.2474,21.4482,55320.6,2,72.00563809107152,71.69896157024115,72.61899113273225,66.58282752787201,62.30773870317766,56.784236208657056,1186527.29292,-0.003464160162624412,0.021493645154372024
2009-11-19,600685.SH,21.5002,21.9909,21.5002,21.7455,83072.55,3,74.45529201546638,72.61773838531623,78.13039927576668,72.33134900922384,64.95784947275652,58.05244132019523,1806454.1360250001,0.011280494815019214,0.022565588282633206
2009-11-20,600685.SH,21.5597,21.6192,21.1731,21.4928,88323.44,4,70.89105191973275,72.04217623012173,68.58880329895479,61.534506654657896,60.9821507636844,56.57978192032526,1898318.0312319999,-0.0031126702895853684,0.020755787984813413
2009-11-23,600685.SH,21.4853,21.7455,21.292,21.6638,64409.32,0,72.03189068357736,72.03874771460693,72.01817662151822,65.692906414395,62.668831331812285,57.343859848549904,1395350.626616,0.008239551694531876,0.02093353889899271
2009-11-24,600685.SH,21.7753,22.0727,20.4445,20.5337,121026.41,1,49.84740793964728,64.64163445628705,20.258954906367762,35.369203974921206,47.77831727919463,51.13810704390682,2485119.995017,-0.06046645270944846,0.07929403858047988
2009-11-25,600685.SH,20.556,21.0318,20.1472,20.9426,69837.14,2,47.001188951022485,58.76148595453219,23.480594944003087,46.15993375337075,52.25611665743445,53.056199078297176,1462571.2881639998,0.018459981091172913,0.042239263510738825
2009-11-26,600685.SH,20.9724,20.9947,19.768,19.8349,85596.47,3,32.301713939752545,49.94156194960564,-2.977982079953648,29.920607417718728,41.69147761215136,47.75684176475861,1697797.422803,-0.05734841113391039,0.0618455348905213
2009-11-27,600685.SH,19.6342,20.0579,19.4037,19.5673,54665.43,4,23.577688149169347,41.15360401612688,-11.574143584745713,27.151488102657083,39.58249402475434,46.58391627419428,1069654.8684389999,-0.0034189694030346755,0.0334333300966408
2009-11-30,600685.SH,19.5524,20.3033,19.5524,20.2661,51054.29,0,26.489034512334964,36.26541418152957,6.936275173945745,43.52890794867046,47.192375493305306,49.934522431858255,1034671.346569,0.0352164451966586,0.0370520228361649
2009-12-01,600685.SH,20.3033,20.5412,19.9985,20.4966,47917.54,1,31.308663198057204,34.613163853705444,24.699661886760722,48.143441114154285,49.48201803841404,50.992592684978895,982146.650364,0.009430832430744645,0.026477562132256077
2009-12-02,600685.SH,20.5337,20.7939,20.4668,20.6527,50165.74,2,36.471293137408416,35.23254028160643,38.94879884901238,51.3726449014612,51.05001127487384,51.713725436128684,1036057.978498,0.0057619584848470065,0.015838122860449312
2009-12-03,600685.SH,20.7493,21.463,20.7493,21.1508,101225.45,3,46.13385322436444,38.86631126252576,60.66893714804179,60.73512422035197,55.823061523428876,53.96900755064696,2140999.24786,0.018982733513625897,0.033743404504794114
2009-12-04,600685.SH,21.1508,21.1508,20.1918,20.7345,67659.51,4,47.376359249613756,41.702993924888425,58.72308989906442,50.90532679294006,51.26536027638559,51.85670852536376,1402886.110095,-0.020077648363838033,0.046251416720924046
2009-12-07,600685.SH,20.7791,20.9055,20.5635,20.8906,36254.66,0,55.652288513161274,46.35275878764604,74.25134796419175,54.23796172453317,52.84038546261948,52.58285834777295,757381.6001960001,0.005337328750729969,0.016370999396857856
2009-12-08,600685.SH,20.8832,20.9575,20.504,20.623,37908.85,1,56.83800570910925,49.847841094800444,70.81833493772686,47.592081360666356,49.82875588344996,51.20139656421693,781794.21355,-0.012616981040585635,0.02199001115259653
2009-12-09,600685.SH,20.4445,20.4817,20.0728,20.1546,34376.07,2,50.04661945216613,49.91410054725567,50.31165726198705,37.85044039992759,44.93807445393061,48.85697636742697,692835.9404219999,-0.014383813124547397,0.020288172427138183
2009-12-10,600685.SH,20.2215,20.9278,20.2215,20.5114,37583.18,3,50.095631782444784,49.97461095898537,50.33767342936359,47.64613762598203,49.09034820066681,50.65297494357919,770883.638252,0.014133603752059801,0.03443450958978921
2009-12-11,600685.SH,20.4297,20.7196,20.2958,20.5486,31197.0,4,45.91785717327433,48.62235969708169,40.50885212565959,48.658566741577246,49.52329272842349,50.84078809471892,641054.6742,0.005786282277138102,0.020624276106401405
2009-12-14,600685.SH,20.5635,20.5932,19.8869,20.4371,33570.18,0,42.24822227472777,46.49764722296372,33.749372378255885,45.49421162238913,48.18345994830866,50.24271610106352,686077.125678,-0.006184830528793238,0.03455969780448297
2009-12-15,600685.SH,20.4371,20.8088,20.4074,20.5114,37855.64,1,41.373188303279534,44.789494249735654,34.540576410367294,48.188518777991135,49.182892600991366,50.64641470857051,776472.1742959999,0.0036223758495274516,0.019569605195159885
2009-12-16,600685.SH,20.2364,20.3925,20.0951,20.1472,34170.46,2,34.447120128973836,41.34203620948171,20.657287967958084,37.33340356080483,44.58447441786236,48.628396554161554,688439.0917120001,-0.004427414231257851,0.014761356416772536
2009-12-17,600685.SH,20.0728,20.1918,19.4037,19.4929,36573.85,3,24.878334945037736,35.854135788000384,2.9267332591124386,25.129610353866326,37.67999724030438,45.24851792245463,712930.400665,-0.029749293332444228,0.040430105320398715
2009-12-18,600685.SH,19.3294,19.4781,18.809,18.9725,36959.81,4,19.122210109196658,30.276827228399142,-3.187024129208311,19.153831352596484,33.21672945002321,42.780755327024764,701219.995225,-0.01881143760706283,0.03526683357491107
2009-12-21,600685.SH,18.98,19.2253,18.9577,19.1881,18994.72,0,18.712207784080846,26.42195408029304,3.2927151916564554,27.701202488391942,36.610329119310386,44.0987552092237,364472.586832,0.010845263470588448,0.013946143703649744
2009-12-22,600685.SH,19.2104,19.3145,18.4521,18.4521,25398.55,1,12.47480518938723,21.772904449991103,-6.121393331820514,19.329631056478263,30.784670254871642,40.754771330114636,468656.584455,-0.04109559345548736,0.04673722774101578
2009-12-23,600685.SH,18.4595,18.7346,18.4372,18.638,17448.47,2,11.138822732093887,18.228210544025362,-3.0399528917690617,26.09890457945849,33.692020459814145,41.91563723167327,325204.5838600001,0.009577207854920227,0.01595664770898163
2009-12-24,600685.SH,18.5859,19.2179,18.5859,19.1881,21007.65,3,17.979938154673,18.145453080907906,17.64890830220319,43.0640652171218,41.609517917393546,45.22940302152973,403096.888965,0.03138403489662863,0.03293708079486773
2009-12-25,600685.SH,19.2402,19.2402,18.9725,19.1063,14329.22,4,21.390965684944756,19.227290615586856,25.718315823660554,41.369417574848015,40.81886963578395,44.8325306200051,273778.376086,-0.007008159612274515,0.01401108534881172
2009-12-28,600685.SH,19.0692,19.6119,19.0469,19.5673,22925.28,0,33.52622963356773,23.99360362158048,52.591481657542225,53.693065597884036,47.00937203172022,47.53956018088306,448585.83134399995,0.02545573482289334,0.028874704225927837
2009-12-30,600685.SH,19.6119,19.6862,19.3368,19.5821,33382.19,2,44.10126620124546,30.696157814802138,70.9114829741321,54.06502929633362,47.202792727816416,47.62565415255423,653693.382799,-0.0015217979685528136,0.017842825846053244
2009-12-31,600685.SH,19.597,19.8944,19.4781,19.6937,31648.72,3,58.143181035984455,39.845165555196246,94.73921199756086,57.17753338808786,48.74186053548602,48.29334154083322,623280.397064,0.004910199708536154,0.02113873980003756
2010-01-04,600685.SH,19.7383,19.7383,19.3071,19.3145,32105.2,0,58.83028795207085,46.173539687487775,84.14378448123699,44.80009434886977,43.988718341588346,46.20486405467395,620095.8854,-0.02194206425224572,0.022325196096197184
2010-01-05,600685.SH,19.2996,19.4409,18.9577,19.2253,50583.49,1,57.24791637101182,49.864998581995785,72.01375194904388,42.22019150913206,42.914800907788724,45.71954828451607,972482.770297,-0.003864699120429898,0.025133547981045813
2010-01-06,600685.SH,19.2179,19.7308,19.1063,19.374,45923.09,2,59.594502578386994,53.10816658079285,72.56717457357529,48.18882884733579,45.34153231862653,46.69351975212131,889713.9456599999,0.00805719004851856,0.03223392175079992
2010-01-07,600685.SH,19.374,19.3963,18.7718,18.8164,38270.35,3,45.60153184247586,50.60595500135385,35.59268552471988,32.89726435484104,38.62471104519281,43.63024708356633,720110.21374,-0.029633723772878828,0.0331891328840799
2010-01-08,600685.SH,18.7198,19.1807,18.6826,18.9428,23364.54,4,37.55841793844535,46.25677598038435,20.161701854567355,38.22930658742933,40.79365688156784,44.49162800502208,442589.80831199995,0.01177228287264813,0.02629495111599135
2010-01-11,600685.SH,19.1584,19.4111,18.809,18.9353,41753.04,0,31.99003733168736,41.50119643081868,12.967719133424723,38.01422908835442,40.7005550469124,44.44957332732825,790606.338312,-0.011782226846154998,0.03179775340237546
2010-01-12,600685.SH,18.8982,19.8275,18.8536,19.768,66563.78,1,51.18310350362476,44.72849878842071,64.09231293403286,64.57067606000061,53.5426504473099,49.93238834257245,1315832.80304,0.04400040469445576,0.04926649129906922
2010-01-13,600685.SH,19.3294,19.7383,18.8833,19.0692,54875.67,2,44.75638709671143,44.73779489118428,44.79357150776573,45.10879649376758,44.68361469637676,45.96006522162205,1046435.1263639999,-0.013645040169488028,0.044836700018878635
2010-01-14,600685.SH,19.1063,19.6862,18.9577,19.5747,41395.71,3,55.810747714225336,48.428779165531296,70.57468481161342,56.49207430492577,51.07212718296501,49.02134000093135,810308.604537,0.02392884692996567,0.03721640689257053
2010-01-15,600685.SH,19.6119,19.8498,19.3294,19.6639,44412.53,4,65.23149687688141,54.02968506931467,87.63512049201489,58.32225405413922,52.13623364400973,49.54759528351641,873323.548667,0.002644439811024423,0.026464739954942744
2010-01-18,600685.SH,19.6714,20.0208,19.5078,19.9762,64073.66,0,75.71005286735544,61.25647433532826,104.61720993140982,64.5817681271128,55.80716527505685,51.38118822688558,1279948.246892,0.01525815720707643,0.02568055986624091
2010-01-19,600685.SH,19.9985,19.9985,19.5747,19.6416,41072.29,1,74.36117807357894,65.62470891474516,91.83411639124651,54.129599465284215,51.21605171706496,49.375027312082636,806725.4912640001,-0.01817061746497228,0.021576653633105243
2010-01-20,600685.SH,19.7011,19.7531,18.7198,18.7941,59195.92,2,52.35148134213287,61.200299723874394,34.653844578649824,36.281920050964324,41.73011924595321,44.75639012200388,1112534.040072,-0.04825982622205905,0.05498002032552772
2010-01-21,600685.SH,18.809,18.9502,18.5636,18.7569,36471.42,3,39.32270958539485,53.90776967771454,10.15258940075546,35.6625589520621,41.363275893249124,44.565452522239696,684090.777798,-0.0027776444934930274,0.020611081788568356
2010-01-22,600685.SH,18.5859,18.5859,17.8945,18.244,44277.19,4,31.69414080528775,46.50322672023894,2.075968975385365,27.808386133997075,36.5327765358119,41.988312621274304,807793.0543600001,-0.0187404078053058,0.03789739092304308
2010-01-25,600685.SH,18.1399,18.4075,17.8797,18.2142,17555.51,0,26.337030771784498,39.781161404087456,-0.5512304928214178,27.387842957829093,36.26434774292041,41.84161768866993,319759.570242,0.004079234882674008,0.02897739126615493
2010-01-26,600685.SH,18.244,18.4075,17.6343,18.0061,28147.4,1,22.751120591344005,34.104481133172975,0.04439950768606593,24.307417601482783,34.34206527750962,40.80285471567884,506824.89914000005,-0.013212189202548012,0.04294100332665037
2010-01-27,600685.SH,17.7533,18.1176,17.7161,17.7384,17676.27,2,16.621425879249223,28.276796048531722,-6.689314459315774,20.711413791788047,31.96430813800538,39.48695927489172,313548.747768,-0.0008399855680332387,0.02263451044062591
2010-01-28,600685.SH,17.7384,17.8871,17.5897,17.7979,14346.34,3,13.93562542471657,23.496405840593336,-5.185935407036965,23.721195772590903,33.08763112403882,39.93621696071495,255334.72468599997,0.003343091038830418,0.016709836553750707
2010-01-29,600685.SH,17.6938,17.9168,17.4782,17.5005,35066.91,4,9.585355383066316,18.859389021417662,-8.962711893636374,19.321930718687867,30.354828978813956,38.447467286244354,613688.4584550001,-0.011045398702894244,0.025062141081683236
2010-02-01,600685.SH,17.5303,17.6343,16.9355,17.0916,24519.13,0,8.236962267491856,15.318580103442393,-5.926273404409216,14.7949037029572,27.00891782061713,36.49558066868638,419071.162308,-0.0256675793957266,0.04088558122118459
2010-02-02,600685.SH,17.1734,17.3964,16.8909,16.9429,16932.0,1,6.3330181444976885,12.323392783794157,-5.647731134095249,13.42253095939624,25.87732941719854,35.80578990769405,286877.1828,-0.013604518706950949,0.029835506318280892
2010-02-03,600685.SH,16.9801,17.7682,16.653,17.5749,30669.76,2,20.120403115008408,14.92239622753224,30.516416889960745,41.22745853163705,37.9340543329585,40.77061374181086,539017.9650239999,0.033843720305663155,0.06345413060671762
2010-02-04,600685.SH,17.3964,17.4708,17.1808,17.337,21171.53,3,26.40875739157682,18.751183282213766,41.723905610302936,36.004335118613355,35.558896401456835,39.568573124514174,367050.81561,-0.0034261983042048866,0.016727230778104583
2010-02-05,600685.SH,16.9355,17.0842,16.705,16.9058,20347.42,4,22.408726073343423,19.97036421259032,27.28544979484964,28.226393599763426,31.641534954211295,37.47868082527733,343989.413036,-0.0017567935264821445,0.022430171893669682
2010-02-08,600685.SH,16.9281,17.6938,16.9058,17.3964,22937.31,0,31.85844608631199,23.93305817049754,47.709221917940894,44.573979087096774,39.864253583614946,41.16778495187453,399026.61968400003,0.02691936262675032,0.04529672805867882
2010-02-09,600685.SH,17.3147,17.4187,17.1288,17.2626,12995.99,1,37.31745749004648,28.394524610347183,55.16332324944507,41.48185553517232,38.486876282946405,40.48790834681971,224344.576974,-0.0030180853405627987,0.016793530522632914
2010-02-10,600685.SH,17.4336,17.5451,17.2924,17.4262,12910.69,2,45.27182717514421,34.02029213194619,67.77489726154025,46.8878743034353,41.19697254768109,41.71600486955174,224984.26607800002,-0.0004246479439003893,0.01450115343563145
2010-02-11,600685.SH,17.389,17.5897,17.3295,17.4708,10754.32,3,54.625264027810175,40.888616097234184,82.09855988896216,48.44592925525723,41.95747972662796,42.056154159695026,187886.573856,0.0046820981294503515,0.014893422167273455
2010-02-12,600685.SH,17.5377,17.6492,17.4708,17.612,10743.0,4,65.08135727152907,48.95286315533248,97.33834550392226,53.61537756827975,44.43924207929875,43.1521713864209,189205.716,0.0042187145128320105,0.010129457188280712
2010-02-22,600685.SH,17.612,17.6195,17.3072,17.3518,11197.83,0,64.2747068562944,54.06014438898645,84.70383179091029,43.884605966844795,40.921778665332376,41.63772784678563,194302.506594,-0.014995562420036973,0.01799813275856089
2010-02-23,600685.SH,17.3518,17.3518,16.8909,17.0693,23111.3,1,55.13068375101394,54.41699084299562,56.55806956705058,35.49225075364326,37.41426121462986,40.04552290503636,394493.71309,-0.01655018073383223,0.027001693098135385
2010-02-24,600685.SH,16.9578,17.5823,16.876,17.5451,30649.56,2,65.07431236043871,57.96943134880998,79.28407438369618,53.47467684831106,45.929558261148806,43.821028519608504,537749.5951560001,0.03347373340704827,0.04025625388285041
2010-02-25,600685.SH,17.5451,17.902,17.4187,17.8351,35417.65,3,74.54271896154002,63.493860553053324,96.64043577851342,61.354103056371535,50.4152996623125,45.98439315682484,631677.329515,0.01626007143217583,0.027098250079898616
2010-02-26,600685.SH,17.7979,17.8351,17.612,17.7087,24074.95,4,76.74842732588695,67.9120494773312,94.42118302299846,56.361594820761034,48.50204829524862,45.1928794548331,426336.067065,-0.005037072173564303,0.01259832737580976
2010-03-01,600685.SH,17.8053,18.2514,17.7087,18.0655,31996.71,0,79.99359553294794,71.9392314958701,96.10232360710359,65.79083452213371,53.89052699696825,47.83752425749501,578036.564505,0.014403144114472398,0.03004068528410506
2010-03-02,600685.SH,18.0135,18.073,17.6789,17.8053,24498.45,1,75.85099670205831,73.24315323126618,81.06668364364259,55.32866627654121,49.7492545755025,46.143172159584225,436202.251785,-0.011693147545955502,0.022133859019505524
2010-03-03,600685.SH,17.8053,18.0358,17.6418,18.0284,24887.46,2,78.49617607678302,74.99416084643846,85.50020653747214,61.609951188606175,53.119014355777175,47.797427547562634,448681.08386400004,0.012374919571343118,0.021854407490403936
2010-03-04,600685.SH,18.0507,18.2886,17.3444,17.4782,33890.37,3,66.54098745861708,72.17643638383133,55.270089608188584,43.50607002487757,45.00039251870498,44.296107773519786,592342.6649340001,-0.03275508919682793,0.054021581169685584
2010-03-05,600685.SH,17.5303,17.7235,17.3072,17.4187,20080.64,4,57.166831320044615,67.17323469590242,37.15402456832899,41.908001485342645,44.20336633352388,43.932948291834926,349778.643968,-0.006406907518930761,0.023899602151710497
2010-03-08,600685.SH,17.441,17.612,17.3221,17.441,19698.21,0,51.44361032738447,61.9300265730631,30.470777836027196,42.85209497961493,44.604516616065965,44.112141108161545,343556.48060999997,0.0,0.0166217533398314
2010-03-09,600685.SH,17.4708,17.5079,17.0991,17.4187,18856.78,1,43.2518842563676,55.7039791341646,18.347694500773628,42.032378067875456,44.257401460050026,43.9655159627344,328460.593786,-0.002991038366812642,0.023469030409846853
2010-03-10,600685.SH,17.4856,17.612,17.2552,17.3147,19025.3,2,34.87634374272058,48.761434003683256,7.106163220795224,37.96778712938964,42.57187880730241,43.26566497031837,329417.36191,-0.00987022587743381,0.02060676765984971
2010-03-11,600685.SH,17.3593,17.4633,17.1362,17.27,13523.17,3,28.04002291268943,41.85429697335198,0.4114747913643271,36.16408113889589,41.82500466250409,42.95897125910931,233545.1459,-0.005170816444701881,0.01894035900405336
2010-03-12,600685.SH,17.27,17.5228,17.1734,17.2849,19094.52,4,23.900018077424185,35.869537341376045,-0.039020450479540614,37.35450143548285,42.193783895323975,43.099266037440145,330046.868748,0.0008620240788202883,0.020214175378509523
2010-03-15,600685.SH,17.1585,17.6566,16.8983,17.4559,24903.85,0,29.30216266659133,33.68041244978114,20.545663100211712,50.15549277489102,46.44423232374002,44.727280426482714,434719.11521499994,0.017037219507444454,0.04344089963851775
2010-03-16,600685.SH,17.2477,17.4708,17.0619,17.2775,14427.48,1,28.626338083081333,31.995720994214533,21.887572260814927,39.93845535899246,42.857687648754386,43.376221672748954,249270.78569999998,0.0017247865721314775,0.023666618434379925
2010-03-17,600685.SH,17.2849,17.6046,17.2775,17.5823,23445.65,2,46.713890924348576,36.901777637592545,66.33811749786065,57.63288971861572,50.04739583453634,46.269727142514405,412228.451995,0.016914738117311142,0.018603936913828195
2010-03-18,600685.SH,17.612,17.8128,17.5079,17.6046,23800.07,3,56.88708091876572,43.5635453979836,83.53415196032995,58.701083370395075,50.5440459020054,46.47852538519777,418990.712322,-0.00042034468263959216,0.017319336991468134
2010-03-19,600685.SH,17.6864,18.0507,17.4633,17.8574,34228.23,4,65.66682404881729,50.9313049482615,95.13786224992887,69.24840606325321,55.959172370992974,48.83071720446013,611227.194402,0.009575862107585617,0.03289392632746082
2010-03-22,600685.SH,17.8574,17.9912,17.6269,17.7012,23393.97,0,67.00187899679341,56.2881629644388,88.42931106150263,58.22323978992705,52.113001061172945,47.48519684690004,414101.341764,-0.008824260502112758,0.020580525614082665
2010-03-23,600685.SH,17.7012,17.7235,17.3964,17.4262,20111.36,1,59.93750165214905,57.50460919367554,64.80328656909607,43.56842997021935,46.0359278648028,45.197258422510274,350464.58163200004,-0.015780835753061398,0.01877058681755067
2010-03-24,600685.SH,17.4782,17.5823,17.337,17.4931,16053.55,2,57.16300873767009,57.39074237500705,56.707541462996176,47.43109808305515,47.65586584820146,45.85945290683403,280826.355505,0.0008517644099672013,0.014022671796308277
2010-03-25,600685.SH,17.4708,17.6938,17.1288,17.6641,32388.15,3,60.25954603106046,58.34701026035818,64.084617572465,56.55284195388385,51.698915802277575,47.54982990010229,572107.520415,0.010943099280461539,0.031985779066015324
2010-03-26,600685.SH,17.5823,17.7533,17.2477,17.6269,31425.17,4,59.21968656655376,58.637902362423375,60.38325497481452,54.10213465259457,50.768302786711025,47.215193681654284,553928.3290729999,0.002530223692197669,0.028683432707963464
2010-03-29,600685.SH,17.7087,17.9912,17.6269,17.9317,48191.13,0,68.51041620255698,61.928740309134575,81.67376798940178,67.81534498776425,57.59167943140378,50.21099398748629,864148.885821,0.01243607689176146,0.020315976733940457
2010-03-30,600685.SH,17.8351,17.8871,17.6641,17.8202,31141.74,1,70.67270687141578,64.84339582989497,82.3313289544574,59.95225375701844,54.57323818747342,49.146268170140026,554952.035148,-0.0008361297852998733,0.012513888733010795
2010-03-31,600685.SH,17.6566,17.8797,17.4931,17.5154,29007.26,2,61.09351590176683,63.593435853852256,56.093675997595966,43.43255678519928,47.19654314457939,46.343109766539975,508073.76180399995,-0.008061477328522405,0.022072005206846625
2010-04-01,600685.SH,17.5303,17.6938,17.3964,17.6492,33480.25,3,60.84342000130163,62.67676390300204,57.176732197900805,50.602618409558595,50.40675950722803,47.709284456060644,590899.6283,0.006736849262289509,0.01685062212451554
2010-04-02,600685.SH,17.7458,17.9168,17.6343,17.8425,46661.84,4,68.1480870509606,64.5005382856549,75.44318458157198,59.50178282129894,54.7430788310494,49.64217322285128,832563.8802,0.00541964410816881,0.015832983046097735
2010-04-06,600685.SH,17.9763,17.9912,17.6938,17.783,33556.56,1,70.71808153428303,66.57305270186427,79.00813919912054,55.78931507740774,53.181607893366944,49.05970037385518,596736.30648,-0.010869931957487327,0.01672383737277173
2010-04-07,600685.SH,17.7682,17.8425,17.6046,17.7087,28441.37,2,69.55958063942931,67.56856201438595,73.54161788951603,51.01929449148643,51.19244227299122,48.320920001576155,503659.688919,-0.0033599304296758024,0.01343407477680461
2010-04-08,600685.SH,17.7235,17.7458,17.4708,17.5303,26448.36,3,59.042858736082295,64.72666092161805,47.6752543650108,40.934892299979055,46.624522429476535,46.56408501093336,463647.685308,-0.01102091806757448,0.01568712457858671
2010-04-09,600685.SH,17.5303,17.7161,17.4856,17.6566,21838.63,4,53.94383812622934,61.13238665648847,39.56674106571107,49.42714531407627,50.06571163228255,47.96177282007634,385595.954458,0.007153132539673579,0.013054608475017798
2010-04-12,600685.SH,17.6566,17.731,17.27,17.3518,32853.57,0,39.74329456150551,54.00268929149415,11.224505101528223,34.896931057649525,42.80096443868782,44.99787037485274,570068.575926,-0.01756590094399429,0.026567848868705383
2010-04-13,600685.SH,17.4039,17.8276,17.4039,17.7458,44568.94,1,48.48665560894598,52.16401139731143,41.1319440322151,55.286487644654855,52.516981181646486,49.229833995397776,790911.495452,0.019266530672046287,0.0238760720846623
2010-04-14,600685.SH,17.8202,18.4224,17.6566,18.2886,91331.53,2,61.78758644206254,55.371869745561796,74.61901983506402,70.53986271054573,62.17362920169922,54.286181805674474,1670325.819558,0.025611583172030612,0.041873079404656385
2010-04-15,600685.SH,18.2514,18.2514,17.9243,18.0507,43006.09,3,63.77358244581328,58.17244064564562,74.97586604614861,59.8091065339957,56.663813839424094,51.921287067759295,776290.0287629999,-0.01111868237796879,0.018121180896031815
2010-04-16,600685.SH,18.1547,18.348,17.9837,18.1399,45989.57,4,67.67770242424811,61.340861238513114,80.3513847957181,62.38378205166413,58.17973488291704,52.72701671970566,834246.2008430001,-0.0008158810136768936,0.020082800897469118
2010-04-19,600685.SH,18.0507,18.0507,17.0098,17.0768,44003.94,0,46.699477296943165,56.46039992465646,27.177632041516574,32.55616376326222,39.99147529786882,43.633199122176684,751446.4825919999,-0.05703059121146822,0.06095404291202103
2010-04-20,600685.SH,17.0098,17.2552,16.7273,16.9281,31676.89,1,35.08162112994254,49.33414032641848,6.576582736990673,30.137517023604303,38.170625613053026,42.56179519763138,536229.561609,-0.004826294740697295,0.031184834683159888
2010-04-21,600685.SH,16.9281,17.2403,16.8091,17.1585,24926.86,2,31.867089838304764,43.511790163713904,8.577689187486484,38.61649748625069,42.58899372438816,44.75502369619181,427707.52731000003,0.013427747180697584,0.02513040184165285
2010-04-22,600685.SH,17.1585,17.1585,16.7645,16.9132,29509.05,3,24.900361428002444,37.30798058514341,0.08512311372051329,33.432499914508995,39.325068741950766,42.933729444396675,499092.46446,-0.0145034647494265,0.023295414232670245
2010-04-23,600685.SH,16.9132,17.2031,16.8091,16.9578,21536.37,4,21.132913557354296,31.916291575880372,-0.4338424796978586,35.3267408284443,40.23357091291678,43.37094774814879,365209.455186,0.0026300581443347067,0.023234145938741957
2010-04-26,600685.SH,17.0321,17.1585,16.8389,16.8686,15957.74,0,16.86720617114873,26.899929774303157,-3.198241035160123,33.068361530866625,38.960763511294125,42.68838594719162,269184.732964,-0.009692564883867012,0.018946444873907804
2010-04-27,600685.SH,16.8463,16.8463,15.6568,16.1623,33965.33,1,17.50595155761875,23.76860370207502,4.980647268706214,20.572145992606778,30.599054769215215,37.77625709795186,548957.853059,-0.0423207093049876,0.07359719841854186
2010-04-28,600685.SH,16.0805,16.1103,15.7014,15.8873,19260.64,2,14.525618517603931,20.687608640584656,2.20163827164248,17.48500584417515,28.042709027671464,36.089072397436894,305999.565872,-0.012160656625103128,0.025737538788843866
2010-04-29,600685.SH,15.9096,16.3556,15.9096,16.0285,28294.26,3,14.859400467658656,18.744872582942655,7.088456237090654,24.46872568627694,31.25944331863255,37.582672320601226,453514.54641,0.0074180366222666985,0.02782543594222789
2010-04-30,600685.SH,16.0434,16.1772,15.6568,15.9765,19676.13,4,16.573350728856177,18.021031964913828,13.677988256740875,23.586524219835013,30.707939819095486,37.248157007280085,314355.69094500004,-0.004187400244108449,0.03257284136074851
2010-05-04,600685.SH,15.6791,15.8426,15.4486,15.5527,13949.7,1,12.985608640170994,16.342557523332882,6.271710873847219,17.437779530906056,26.544206135223547,34.62704942144168,216955.49919,-0.008127206208568306,0.025333221884302943
2010-05-05,600685.SH,15.3892,15.7832,14.9431,15.7311,26176.49,2,20.279491305836714,17.65486878416749,25.528736349175162,27.04490152391159,30.849940934095656,36.58713370062703,411784.981839,0.021734017328730922,0.053403767060154816
2010-05-06,600685.SH,15.694,16.2069,15.6122,15.8352,46246.34,3,26.677477979702367,20.662405182679116,38.707623573748876,32.54140325764371,33.33735564140419,37.72407008416817,732320.043168,0.008916843487925605,0.03755557239567554
2010-05-07,600685.SH,15.6122,16.6158,14.8836,16.4597,64952.48,4,40.879040736156895,27.40128370050504,67.8345548074606,56.26295581803109,46.04008803524051,44.00824129199919,1069098.3350560002,0.051489395310971756,0.10523885611523906
2010-05-10,600685.SH,16.5117,18.1027,16.4894,17.5674,93427.31,0,55.04307001620798,36.615212472406014,91.89878510381189,74.98559192858437,60.57627603222972,52.81993582303776,1641274.925694,0.060094265514532494,0.0918348759634322
2010-05-11,600685.SH,17.5451,17.6789,16.876,17.047,71516.57,1,59.09708649191289,44.109170478908304,89.07291851792208,60.40738849746113,53.22743980245164,49.036767245682135,1219142.96879,-0.029219217457617228,0.04709919633953173
2010-05-12,600685.SH,16.9058,17.0693,16.1029,16.4374,43590.63,2,55.48744082220017,47.90192726000559,70.65846794658933,47.4421745973062,46.083216601686395,45.089267750218774,716516.621562,-0.028495990850134392,0.0587927531118058
2010-05-13,600685.SH,16.3779,17.3221,16.3779,17.2552,45419.27,3,61.54921577474958,52.45102343158692,79.7456004610749,60.93864770192312,54.93531930324876,50.65047156828957,783718.5877039998,0.05084264453613973,0.05471973665909399
2010-05-14,600685.SH,17.0991,17.2477,16.6976,16.7422,35118.93,4,60.278355337515954,55.060134066896595,70.71479787875467,51.06728365905639,49.38662685653037,47.5014739819631,587968.149846,-0.021317389590376386,0.032857091660594
2010-05-17,600685.SH,16.3631,16.534,15.3148,15.3445,36684.68,0,44.95812570117893,51.6927979449907,31.4887812135554,33.38565932024336,37.983597216881904,40.36653431761706,562908.07226,-0.06638209130307271,0.07945517938023389
2010-05-18,600685.SH,15.4189,15.8129,14.9877,15.5081,33592.08,1,36.43869455120275,46.60809681372805,16.099890026152153,36.47506005166194,39.759651595285014,41.440847103190876,520949.3358480001,0.005751832913122816,0.053210902689562266
2010-05-19,600685.SH,15.3148,15.8724,15.2553,15.352,29688.35,2,29.142679968475,40.786291198643696,5.855457508137619,34.63584244223895,38.60873610222112,40.71063078219453,455775.5492,0.0024231370505471824,0.040196717040125104
2010-05-20,600685.SH,15.2405,15.5007,15.0918,15.1141,28020.23,3,20.78104828288917,34.117876893392186,-5.892608938116865,31.711509594581443,36.835963621154484,39.60093658936932,423500.558243,-0.008363051719917183,0.027054207660396644
2010-05-21,600685.SH,14.7201,15.0769,14.4227,15.0174,28045.64,4,19.94190557884317,29.392553121875842,1.040610492777823,30.457201231485882,36.10093133519889,39.14832661287167,421172.594136,0.01979703543889088,0.04356280048477096
2010-05-24,600685.SH,14.9728,15.6791,14.9728,15.5899,31556.4,0,26.7134719908252,28.499526078192293,23.141363816091022,45.71241195331137,43.39584668515821,43.16154982193366,491961.12036,0.03958331996998061,0.0453049730915529
2010-05-26,600685.SH,15.2925,15.6047,15.1884,15.3668,23414.79,2,28.662951114069244,28.554001090151274,28.880851161905184,41.45941971158213,41.387196198130916,42.0342698716405,359810.394972,0.0048350990446937,0.027090871228883026
2010-05-27,600685.SH,15.2405,15.5304,14.839,15.4858,28125.62,3,31.652586878406037,29.586863019569527,35.78403459607905,44.74963447221642,42.92443858969074,42.864826218834146,435547.72619599995,0.01584031822702079,0.044647354350437166
2010-05-28,600685.SH,15.5973,16.1549,15.575,15.8203,43201.62,4,43.167118734548595,34.11361492456255,61.2741263545207,53.55481606748323,47.1730147146322,45.16921025813861,683462.588886,0.01409581360656871,0.03665543636972764
2010-05-31,600685.SH,15.6196,15.7683,15.0918,15.1438,23887.96,0,42.65445986683025,36.96056323865178,54.042253123187194,38.618301785335255,40.5186260615866,41.62619438252869,361754.488648,-0.03141879845217182,0.04467174685349785
2010-06-01,600685.SH,15.0918,15.2479,14.7572,14.9505,21464.58,1,38.592947458462575,37.504691311922045,40.769459751543636,35.24756283902077,38.8120195962673,40.674922213848895,320906.20329000003,-0.00945118892344733,0.03282164476104481
2010-06-02,600685.SH,14.9431,15.0174,14.7201,14.9877,15314.09,2,36.60112519245231,37.203502605432135,35.39637036649265,36.526983665781614,39.34833595437032,40.945930397821456,229522.986693,0.002975773467576804,0.019836265737905076
2010-06-03,600685.SH,15.062,15.1736,14.8762,14.9059,16767.74,3,33.699137535452365,36.03538091543888,29.02665077547934,34.71693487562435,38.53804036207387,40.52119340622982,249938.25566600004,-0.010472363292387482,0.01995183115410674
2010-06-04,600685.SH,14.7795,15.4635,14.6903,15.1661,20938.78,4,33.29498695180641,35.12191626089472,29.64112833362978,45.101175660860065,42.63715741156548,42.50093064636292,317559.631358,0.025491062303426695,0.05098212460685339
2010-06-07,600685.SH,14.7572,14.9803,14.6308,14.8018,19239.07,0,25.936570047130814,32.06013418964008,13.689441762112281,35.5899805877534,38.69545103694016,40.53006122675193,284772.866326,0.003013147049683205,0.023611993135969886
2010-06-08,600685.SH,14.7721,14.9803,14.7201,14.9357,12989.17,1,23.9594630312237,29.359910470167954,13.158568153335196,41.07120332882149,40.8866974429156,41.56927641875869,194002.346369,0.010953621189499028,0.017421346170584526
2010-06-09,600685.SH,15.01,15.4115,14.9877,15.3668,28012.48,2,32.06990687657763,30.263242605637846,35.68323541845721,55.65188624654834,47.480084087408834,44.80934635683408,430462.17766399996,0.023218887471692207,0.027578936408360878
2010-06-10,600685.SH,15.2405,15.5378,15.1661,15.2925,20239.02,3,40.770414108194615,33.7656331064901,54.779976111603645,52.94264330540678,46.50482350155619,44.36689417139681,309505.21335000003,0.0034003596534248554,0.024306032368808277
2010-06-11,600685.SH,15.3743,15.4561,15.1661,15.181,16147.14,4,47.40078323861259,38.31068315053093,65.58098341477593,48.675422721634064,44.99189604788234,43.69133635470736,245129.73234,-0.012733021540083045,0.019102825900796993
2010-06-17,600685.SH,15.2776,15.352,15.0918,15.0992,10125.69,3,48.81478162250758,41.812049307856476,62.82024625180979,45.45037167014349,43.850179038316135,43.18791965011651,152889.818448,-0.011815195507046725,0.01723270107025545
2010-06-18,600685.SH,15.0397,15.3222,14.8762,14.9357,15978.09,4,43.74862692511162,42.45757518027486,46.33073041478514,39.21794231215451,41.55107083685276,42.17440708157389,238643.958813,-0.00696318217425358,0.02986133893958768
2010-06-21,600685.SH,14.8687,15.352,14.7201,15.3297,16056.19,0,54.85116105922546,46.58877047325839,71.3759422311596,56.476470134077054,48.63139063911334,45.39657808229799,246136.57584300003,0.03007234322915649,0.04122063706399994
2010-06-22,600685.SH,15.3297,15.3892,15.0918,15.2405,17114.43,1,58.97464394025542,50.7173949622574,75.48914189625145,52.431887443242374,47.218698523439684,44.806751975069865,260832.47041500002,-0.005852826350841504,0.01951379547915104
2010-06-23,600685.SH,15.0472,15.2999,14.8911,14.9951,15334.08,2,50.52673462145601,50.653841515323606,50.27252083372082,42.40596996696992,43.43217486375434,43.19561077757924,229936.063008,-0.0034744683263198887,0.02726223899807266
2010-06-24,600685.SH,15.01,15.0174,14.839,14.8836,14651.0,3,40.349525824438075,47.21906961836176,26.61043823659071,38.40222357226196,41.77182731221842,42.47155501145288,218059.6236,-0.008492569002123161,0.011986347389072529
2010-06-25,600685.SH,14.8836,14.9208,14.7201,14.8539,8820.1,4,32.3540069843406,42.2640487403547,12.533923472312395,37.2772401099057,41.31290068059664,42.27459555087256,131012.88339,-0.0019994748853836408,0.013511603013349992
2010-06-28,600685.SH,14.7201,14.9208,14.7126,14.7275,7547.27,0,22.2373496461396,35.58848237561633,-4.464915812813857,32.42597818402544,39.30788115388679,41.42153683891033,111152.418925,0.0005024613817687144,0.014136818876251891
2010-06-29,600685.SH,14.7647,14.9134,13.6421,13.7536,21982.04,1,16.95223458560683,29.376399778946496,-7.896095801072498,14.717272104866339,27.918859036967362,35.639489609458366,302332.185344,-0.07351529781293617,0.09243398092135878
2010-06-30,600685.SH,13.6049,13.6792,12.7871,12.9655,25680.12,2,13.586823364515206,24.113207640802734,-7.465945188059848,9.617090394705656,22.232329545083743,31.881585414497295,332955.59586,-0.04931549111102543,0.06880567660329329
2010-07-01,600685.SH,13.0102,13.2258,12.7128,12.7871,11838.59,3,9.983254633783824,19.403223305129764,-8.856682708908053,8.789670962384164,21.167637281443888,31.106826010710265,151381.234189,-0.01744727107788308,0.04011855698320963
2010-07-02,600685.SH,12.9061,12.9135,12.46,12.802,15549.83,4,10.547350692630413,16.45126576762998,-1.2604794573687208,9.569446971371562,21.510115374824736,31.252425265509032,199068.92366,-0.008131541946570908,0.0354241524761756
2010-07-05,600685.SH,12.75,12.75,12.2667,12.7053,9703.27,0,11.851559215984556,14.918030250414837,5.718617147123993,8.972080993906943,20.868251286359737,30.8114455188702,123282.956331,-0.0035182168071592667,0.03803924346532549
2010-07-06,600685.SH,12.7053,13.1365,12.6236,13.0919,14324.43,1,17.900918296047976,15.912326265625882,21.878102356892164,29.950594784308123,29.9808288934598,34.6577844906937,187534.00511700002,0.02952970920951133,0.039176895637760764
2010-07-07,600685.SH,13.121,13.1588,12.9396,13.0681,9624.87,2,21.998876517976186,17.941176349742648,30.11427685444326,29.44921118573184,29.75074196512827,34.53445571314555,125778.763647,-0.004048025344158757,0.016773670235152697
2010-07-08,600685.SH,13.1588,13.3024,13.0681,13.1966,12204.28,3,26.34470395899692,20.74235221949407,37.549407438002625,36.35246263903879,32.788857730731536,35.821120271135726,161055.001448,0.002864374156979883,0.017754573147629016
2010-07-09,600685.SH,13.0832,13.5443,12.9094,13.4687,22959.6,4,32.70148435618623,24.728729598391453,48.64699387177578,49.02621839222478,38.893547816994044,38.4922278047161,309235.96452,0.02862191599783204,0.047138922093446285
2010-07-12,600685.SH,13.4385,13.8164,13.3175,13.6577,19356.4,0,51.72075898852759,33.72607272843683,87.71013150870911,56.28220519714416,42.828366875523905,40.29333162165017,264363.90428,0.016049554463782388,0.03652884453458481
2010-07-13,600685.SH,13.6577,13.6577,13.1891,13.2949,17855.33,1,56.596614486468866,41.34958664778084,87.09067016384492,42.38449229230374,37.73942995300508,38.06090719933172,237384.82681700002,-0.027288659561185116,0.03524659831965644
2010-07-14,600685.SH,13.3251,13.7257,13.3251,13.4158,17545.7,2,62.447688141653586,48.38228714573842,90.57849013348391,47.562410855329915,40.31747399792668,39.23165519322539,235389.60206000003,0.0067606851622713515,0.029860313958168648
2010-07-15,600685.SH,13.3553,13.5292,12.9774,13.0228,13819.31,3,57.89515489583815,51.55324306243833,70.57897856263779,35.21678683546398,35.155401363423394,36.867929961335044,179966.110268,-0.025532143625026843,0.042371840157262655
2010-07-16,600685.SH,12.9623,13.1059,12.7053,13.0303,12945.11,4,49.96218464104392,51.02289025530685,47.840773412518075,35.59960074137901,35.327788866870165,36.94358567798541,168678.66683300002,0.005218605864792032,0.03074372807993682
2010-07-19,600685.SH,12.9245,13.4234,12.8036,13.3553,18266.12,0,52.8083180959793,51.61803286886433,55.18888855020924,50.736950788735506,42.54796878687647,40.18480731353468,243949.512436,0.03225685682837522,0.04640854192717509
2010-07-20,600685.SH,13.3402,14.6553,13.3024,14.2699,39206.61,1,61.95084454261867,55.06230342678244,75.72792677429113,72.53646493702867,57.21288815736696,48.029369113005714,559474.404039,0.0651511222923777,0.09480795240331047
2010-07-21,600685.SH,14.1338,14.285,13.9827,14.0582,32210.8,2,64.42705875490816,58.18388853615768,76.91339919240912,64.59671434404544,53.74855757712226,46.554702640746896,452825.86856,-0.00537764436414345,0.02150346417037748
2010-07-22,600685.SH,14.1187,14.353,13.9146,14.217,28877.61,3,68.79239814429775,61.7200584055377,82.93707762181785,67.77207929284975,55.93212097135061,47.80898612489143,410552.98137000005,0.006914257578954776,0.03083632271224588
2010-07-23,600685.SH,14.3455,14.3455,13.9524,14.1112,21472.69,4,69.8940773953438,64.44473140213972,80.79276938175195,63.23745922835294,54.076567924258576,47.04147320408075,303005.423128,-0.016603832416803622,0.027857304835874955
2010-07-26,600685.SH,14.1338,14.7989,14.0507,14.6024,63940.41,0,76.80080258403125,68.56342179610357,93.27556415988659,73.22022624021864,60.682827257945206,50.863032545374644,933683.442984,0.0320906152413301,0.051238152632443905
2010-07-27,600685.SH,14.5117,14.7989,14.4513,14.4588,32960.58,1,79.11895309193983,72.08193222804898,93.19299481972152,66.8517501149135,58.02093398357297,49.767488297823014,476570.43410400004,-0.003658671535673727,0.024040722604918796
2010-07-28,600685.SH,14.5117,14.7007,14.3606,14.5949,50250.88,2,82.83130817516408,75.66505754375402,97.16380943798421,69.83564445740974,59.84225458712767,50.81520916237532,733406.568512,0.00570062144995865,0.023302660518400235
2010-07-29,600685.SH,14.6856,14.867,14.4966,14.6478,53527.45,3,85.01312438649268,78.7810798246669,97.47721351014422,71.05108554312703,60.567678852527706,51.22779474121082,784059.38211,-0.0025805923073772665,0.02528707382678628
2010-07-30,600685.SH,14.6629,14.7083,14.3379,14.5344,34762.88,4,82.92280643193419,80.16165536042266,88.44510857495726,64.37814926418835,58.11274339792239,50.28426390053297,505257.60307199997,-0.008841094231616078,0.02548436811977103
2010-08-02,600685.SH,14.6629,14.8367,14.5042,14.7309,48642.84,0,83.85179955605074,81.39170342563202,88.77199181688817,70.19811850928573,61.093709477118914,51.886584918801084,716552.8117559999,0.004616147010705362,0.02257160119205205
2010-08-03,600685.SH,14.9652,14.9652,14.3228,14.3455,37848.87,1,69.57275246753403,77.45205310626602,53.81415119007005,50.70162561162418,53.02033171740654,48.6758686591706,542960.9645850001,-0.04319821546826531,0.044780593217385145
2010-08-04,600685.SH,14.2774,14.7309,14.1338,14.6402,39767.9,2,69.0187491437062,74.64095178541274,57.77434386029313,60.71365878099186,57.68489692024815,51.09071756490944,582210.0095800001,0.024781082225652656,0.040784961954071615
2010-08-05,600685.SH,14.7385,14.7385,14.3228,14.3908,33336.21,3,58.40907314883858,69.23032557322135,36.76656830007303,50.33269996655479,52.84118153431232,49.05259606236662,479734.730868,-0.024161269700086144,0.028886510826361237
2010-08-06,600685.SH,14.4135,14.7083,14.1792,14.6856,38276.89,4,61.062708215816244,66.50778645408631,50.17255173927609,60.027244783253174,57.44852611383334,51.44186219736866,562119.095784,0.018528354306259192,0.036028490494089425
2010-08-09,600685.SH,14.7687,15.1844,14.6856,15.1391,73677.47,0,72.6045315385091,68.54003481556057,80.73352498440613,70.61517441496504,63.442355264821266,54.84137292681087,1115410.586077,0.024466447807333216,0.03294779742521017
2010-08-10,600685.SH,15.0862,15.1088,14.4059,14.421,50050.58,1,57.515274341238396,64.86511465745318,42.81559370880882,46.97311860892302,51.02638302562027,49.155260575049155,721779.41418,-0.04612717564662648,0.04874141876430203
2010-08-11,600685.SH,14.3681,14.61,14.3455,14.4664,20477.1,2,48.89621627191131,59.542148528939215,27.604351757855497,48.286654691105035,51.678612348386004,49.50068017631512,296229.91943999997,0.006795056130066917,0.01828374716584637
2010-08-12,600685.SH,14.3984,14.4513,14.1489,14.1792,24258.15,3,34.03792424346086,51.04074043377976,0.03229186282305818,40.64388217207246,47.32870593597326,47.37610410713901,343961.16048,-0.015459264274430203,0.02132701421800951
2010-08-13,600685.SH,14.2094,14.421,14.1716,14.3984,19251.26,4,31.08715223693126,44.38954436816359,4.482367974466598,48.15898112947584,50.77831753278791,49.115452404629856,277187.341984,0.01312645849538838,0.01732136904100453
2010-08-16,600685.SH,14.5117,15.3809,14.4286,15.1769,92113.46,0,48.605451342943326,45.794846693090165,54.22666064264965,66.32816209699749,60.740373955976374,54.668200724080044,1397996.771074,0.043829767607350675,0.06274667422200851
2010-08-17,600685.SH,15.192,16.0914,15.1769,15.5397,86884.13,1,56.26978609478074,49.286493160320354,70.23637196370153,71.84624325378357,64.40308093721254,56.952545310229816,1350153.314961,0.02237494932334599,0.05884926993442604
2010-08-18,600685.SH,15.449,15.4792,15.192,15.3205,47064.08,2,57.61786683452992,52.063617718390205,68.72636506680934,64.21630392788705,60.67223072722899,55.19888433942668,721045.23764,-0.008387454717535376,0.018746124473744352
2010-08-19,600685.SH,15.4187,15.7135,15.3205,15.5472,43789.83,3,62.40676321787194,55.51133288488411,76.1976238838476,68.38332275121923,63.084936274685035,56.6397344608125,680809.244976,0.008265153854070232,0.025277863538129094
2010-08-20,600685.SH,15.4641,15.5321,15.1164,15.1315,38526.29,4,58.4659416733475,56.49620248103857,62.405420057965344,54.43484007151175,56.18928089583961,53.356305397547125,582960.557135,-0.021980636420711717,0.027472491160823398
2010-08-23,600685.SH,15.1693,15.7211,15.1466,15.4187,36906.28,0,60.76708423868811,57.919829733588415,66.46159324888751,61.02568269709171,59.52386650558427,55.22744472759156,569046.859436,0.016175163924325633,0.03725995057949117
2010-08-24,600685.SH,15.4187,15.517,15.1164,15.3053,31608.04,1,60.3552333363026,58.73163093449314,63.6024381399215,57.11149677866768,57.634310487318444,54.329476990604185,483770.53461200005,-0.007409198120912273,0.026173939746362302
2010-08-25,600685.SH,15.3053,15.3053,14.8594,14.8745,32086.29,2,52.44121851548206,56.63482679482278,44.05400195680063,44.19037138333836,50.933554215819015,51.03974637239325,477267.52060499997,-0.028962318061111395,0.029977478234562507
2010-08-26,600685.SH,14.8896,15.2449,14.8896,15.1844,22415.02,3,50.111963013208076,54.46053886761787,41.41481130438848,53.30913304284216,55.035993516262366,53.1683441930812,340358.629688,0.01941466241669084,0.023399014778325105
2010-08-27,600685.SH,15.2298,15.2298,14.9274,15.0333,19040.68,4,38.113061922225285,49.01137988582033,16.31642599503519,48.657546821742194,52.69263400743865,52.017735398379976,286244.25464400003,-0.013070982419029658,0.02011534393646097
2010-08-30,600685.SH,15.071,15.4414,15.071,15.4036,31589.54,0,46.4601179516317,48.16095924109078,43.05843537271355,59.142024378597824,57.52743306378334,54.533877281955206,486592.63834400004,0.021592355033888254,0.024046326832688467
2010-08-31,600685.SH,15.4036,16.0914,15.3431,15.9478,110347.75,1,60.42146391580643,52.24779413266266,76.76880348209394,69.9601864385016,63.506797501349546,57.917948688005815,1759803.84745,0.03412382899208668,0.046921832478461004
2010-09-01,600685.SH,15.9176,16.2652,15.5397,15.7513,66267.42,2,61.42907666943647,55.30822164492059,73.67078671846821,62.75998372476595,60.17007823485147,56.33800897289418,1043798.012646,-0.010557858716423386,0.04605969031127591
2010-09-02,600685.SH,15.9402,16.1972,15.7513,15.9931,52007.84,3,67.8342087456223,59.48355067848783,84.53552487989126,67.67286206527332,62.79424753929473,57.81560697897079,831766.585904,0.003307676435462748,0.027880773583607816
2010-09-03,600685.SH,16.0309,16.0914,15.7966,16.0158,37312.5,4,72.64254310930704,63.869881488760896,90.18786635039933,68.1462718431787,63.043609421682895,57.954993299124446,597589.5375,-0.0009428189662708286,0.018406823262028773
2010-09-06,600685.SH,16.0083,16.5298,15.8647,16.4013,56053.91,0,79.1974393397934,68.97906743910507,99.6341831411701,75.4675987357403,67.12554062640874,60.28068442317095,919356.994083,0.02396151524574276,0.040551663587642596
2010-09-07,600685.SH,16.4164,16.4542,16.099,16.3711,29350.74,1,82.906409789509,73.6215148892397,101.4761995900476,73.87146222822358,66.49783680599275,60.009339050981026,480503.899614,-0.002767071241394959,0.021696770528553365
2010-09-08,600685.SH,16.2955,16.9908,16.1745,16.8094,65887.79,2,85.67383475806044,77.63895484551328,101.74359458315476,80.9050131594817,70.81830296940262,62.56151407706429,1107534.2172259998,0.030572179851749592,0.04856211405523111
2010-09-09,600685.SH,16.7792,17.2856,16.5902,16.628,61661.62,3,80.55127320364872,78.60972763155843,84.4343643478293,71.36416900802153,66.92175986716668,60.88348081866513,1025309.4173600001,-0.009093095982679777,0.04182102477748372
2010-09-10,600685.SH,16.628,16.8472,16.2048,16.6885,37687.76,4,76.7879358895196,78.00246371754548,74.35888023346786,72.65477083107771,67.57095430559775,61.24524024815409,628952.1827600001,0.0036252509212931724,0.03849357341882147
2010-09-13,600685.SH,16.6432,16.9984,16.6432,16.8397,41306.0,0,76.0120118637999,77.33897976629694,73.3580760588058,75.91076193651551,69.21803080825534,62.15791192407731,695580.6482,0.011668853958205926,0.021093012345825637
2010-09-14,600685.SH,16.8321,16.9304,16.6658,16.7263,31196.22,1,71.85697269227146,75.51164407495511,64.54762992690414,68.5633226254789,66.45639621678129,61.03304987304676,521797.33458599995,-0.006325367833890467,0.01581939819326438
2010-09-15,600685.SH,16.8019,17.0059,16.3106,16.3937,39228.08,2,61.27156137846079,70.76494984279034,42.28478444980169,51.14141120809131,58.933163751699695,57.8301052683752,643093.375096,-0.024899809072997603,0.04241263412164427
2010-09-16,600685.SH,16.3257,16.4693,15.4036,15.7211,50984.41,3,46.47115781589201,62.66701916715756,14.079435113360915,31.634714569338044,47.15627949358521,52.0645098617716,801531.0080510001,-0.03845786872419878,0.0677878774386016
2010-09-17,600685.SH,15.7588,15.842,15.6001,15.653,24455.77,4,35.3980584518274,53.57736559538084,-0.9605558352794787,30.23360391270748,46.13790541857978,51.521815891590606,382806.16781,-0.006759087714815073,0.015453906599373993
2010-09-20,600685.SH,15.6455,15.7588,15.3205,15.4867,18964.87,0,26.417900586462473,44.524210592408046,-9.794719425428681,26.760419689453983,43.62794836587287,50.18876041230427,293703.252229,-0.01025395984941914,0.02830170404282395
2010-09-21,600685.SH,15.4943,15.7362,15.4792,15.6152,17185.97,1,22.61083115107202,37.21975077862937,-6.607008104042677,33.8108676744974,46.099668479881096,51.206675970603015,268362.358744,0.007742456068446059,0.016458322659972314
2010-09-27,600685.SH,15.6228,16.2879,15.6228,16.1141,29145.9,0,30.769469096165825,35.06965688447485,22.169093519547772,54.30505323002002,54.54170998247422,54.937410362348274,469659.94719000004,0.030488826555625244,0.04127441185049122
2010-09-28,600685.SH,16.1216,16.7263,15.8798,16.5373,36193.65,1,44.5784831354289,38.239265634792865,57.256918136700975,65.25572249165386,60.296223099551234,57.79385106761627,598545.248145,0.02513711428104936,0.05118731594637571
2010-09-29,600685.SH,16.5373,17.7618,16.2501,17.142,81281.66,2,54.589617793394915,43.689383020993546,76.39008733819765,75.374583439471,66.83955197952828,61.438384991147025,1393330.21572,0.03527593046318989,0.08818690934546734
2010-09-30,600685.SH,16.8548,17.0815,16.628,16.9228,44591.32,3,58.27076664591677,48.549844229301286,77.71261147914774,66.89934308821122,62.75005244873489,59.495121841830375,754609.9900959999,0.004018247571323767,0.02679816578816734
2010-10-08,600685.SH,16.9455,17.2705,16.8548,17.0286,61258.25,4,62.16945141596052,53.08971329152103,80.32892766483953,68.9232435366707,63.91263936469273,60.130253588201604,1043142.23595,0.004880025369085052,0.024411871792161276
2010-10-11,600685.SH,17.0211,17.7466,16.9001,17.1571,96016.53,0,66.52310428645514,57.56751028983239,84.43429227970064,71.46604908108176,65.34569477305453,60.90713522095423,1647365.206863,0.007926747527262721,0.04933817486638199
2010-10-12,600685.SH,17.0664,17.2629,16.8548,16.9152,66890.57,1,66.12265445855974,60.4192250127415,77.52951335019621,60.31714392047388,60.41850657789086,58.66179142086694,1131467.369664,-0.008938706015891204,0.024126229663261296
2010-10-13,600685.SH,16.9152,17.4594,16.4391,17.4292,94197.42,2,72.5580685963692,64.46550620728406,88.74319337453946,71.6100473195997,66.30738630848428,61.78538698716701,1641785.6726640002,0.029490739678241278,0.05853969201110772
2010-10-14,600685.SH,17.4216,18.185,17.2402,17.5123,148187.91,3,72.95378538173371,67.29493259876728,84.27149094766656,73.09546092754807,67.16888110391156,62.26639548529558,2595111.136293,0.005179216893269201,0.053950651827572464
2010-10-15,600685.SH,17.2932,18.8653,17.0815,18.578,176456.18,4,78.7614640221439,71.11710973989281,94.05017258664606,85.0960000638653,75.8188920096445,67.70594797122624,3278202.91204,0.06915706749919263,0.09601679405748752
2010-10-18,600685.SH,18.5932,19.9007,18.3664,19.3792,232933.72,0,81.07920169455952,74.43780705811504,94.36199096744846,89.37253557209328,80.11561755907336,70.98702565375477,4514069.146624,0.04055894980184947,0.07917251486129467
2010-10-19,600685.SH,19.1903,19.2734,18.6385,19.2583,85203.17,1,81.20017036166071,76.69192815929694,90.21665476638827,84.95824051882623,77.8387835029163,69.86926475980445,1640868.2088109998,0.003530945098996165,0.03296760357871662
2010-10-20,600685.SH,18.6687,19.2734,18.5251,18.7746,85735.13,2,76.62304709265939,76.66896780375109,76.531205670476,68.67360151842179,69.24928452760427,65.55963789304552,1609642.7716980001,0.0056405995334120745,0.03985704089567823
2010-10-21,600685.SH,18.8048,19.3943,18.6763,18.8048,70383.76,3,73.86244122485743,75.73345894411986,70.12040578633258,69.11711073740778,69.4786850743998,65.69748375606929,1323552.530048,0.0,0.03818174083212796
2010-10-22,600685.SH,18.8275,18.8879,18.3664,18.4571,62010.38,4,68.67387461365968,73.3802641672998,59.261095506379434,57.8095099942937,63.52644944285389,62.68337079980951,1144531.784698,-0.020068158052998577,0.02825470956975904
2010-10-25,600685.SH,18.6687,19.2734,18.5176,19.1525,65065.31,0,71.91115560485407,72.89056131315121,69.95234418825981,69.70470011880862,69.27032529233571,65.94411245879094,1246163.349775,0.025260409868163355,0.03946221119958215
2010-10-26,600685.SH,19.7269,20.2862,19.3868,19.6135,96663.19,1,74.27708893539192,73.35273718723144,76.12579243171285,75.25474230775086,72.41226500492131,67.8853000156231,1895903.477065,-0.0057817319703266715,0.04585617049481225
2010-10-27,600685.SH,19.8478,20.256,19.349,19.5606,77721.9,2,75.30414431122009,74.00320622856098,77.90602047653829,73.4030404149429,71.49715781002233,67.42511218925007,1520286.9971399999,-0.014682576199094024,0.04636872079588561
2010-10-28,600685.SH,19.5606,19.6362,18.9031,19.0089,70695.86,3,61.35843881261255,69.78828375657817,44.49874892468131,56.12111743573821,62.509586726698835,62.79277883718663,1343850.533154,-0.02902324700535014,0.038566145331923485
2010-10-29,600685.SH,18.9711,19.6362,18.6687,19.6135,80715.81,4,62.558923093535256,67.3784968688972,52.91977554281135,66.49486714497421,67.4076359261177,65.50301902377603,1583119.539435,0.03275295077370172,0.04932826879445268
2010-11-01,600685.SH,19.6513,21.3746,19.6513,21.0345,169982.58,0,71.27069398089063,68.67589590622833,76.46029013021521,79.8983765015734,75.5858576920198,70.73165136798384,3575498.57901,0.06575863462407008,0.08192730989564771
2010-11-02,600685.SH,21.0496,21.5409,20.5432,20.581,131981.82,1,70.7678517440725,69.37321451884304,73.5571261945314,69.283785907496,69.51315788988741,67.33303737715387,2716317.83742,-0.022768572955638798,0.048476750400855244
2010-11-03,600685.SH,20.4827,21.3443,20.4147,20.7095,120970.57,2,71.78191743824394,70.17611549197667,74.99352133077846,70.61133980772843,70.25193658542199,67.7906305207309,2505240.019415,0.010951495690383508,0.04488761196552311
2010-11-04,600685.SH,20.6868,21.1252,20.5281,21.0798,79634.69,3,76.10409618431136,72.15210905608824,84.00807044075762,74.43257139689754,72.35772553149394,69.09250338067595,1678683.338262,0.018643440639854132,0.02832569568971248
2010-11-05,600685.SH,21.3217,21.5409,20.9589,21.0723,77639.38,4,78.63105750773599,74.31175853997081,87.26965544326634,74.19809177475666,72.24473073820594,69.03353252840017,1636040.307174,-0.011835442737622444,0.027619196765421943
2010-11-08,600685.SH,21.0874,21.1252,20.5961,20.8606,69253.0,0,77.85881284351585,75.49410997448581,82.58821858157592,67.04417364376383,68.93013323763623,67.34065016136377,1444659.1318,-0.010872170503245219,0.025363604114934355
2010-11-09,600685.SH,20.8606,20.8984,20.4676,20.8531,57166.99,1,77.25694177497996,76.08172057465052,79.60738417563886,66.77048460189178,68.8081238340192,67.27965796538228,1192108.959169,-0.0003596587557725366,0.02065879893157362
2010-11-10,600685.SH,20.7321,20.785,20.256,20.3693,67925.12,2,71.24095076157587,74.46813063695896,64.7865910108097,50.7375868925157,61.186727075521326,63.413608231896404,1383587.1468159999,-0.017811117711457932,0.02597045553848193
2010-11-11,600685.SH,20.3316,20.8228,20.0292,20.0746,59466.32,3,54.961155997415254,67.96580575711106,28.951856478023643,43.16187701599041,56.99192914353621,61.17908776886984,1193762.587472,-0.012802247616390934,0.039532543612326096
2010-11-12,600685.SH,20.0217,20.392,18.0641,18.3513,131151.04,4,39.394260463992424,58.44195732607151,1.2988667398342528,21.077761491033485,39.65086342748612,50.352593027739715,2406792.080352,-0.09102352421899271,0.1268520486287075
2010-11-15,600685.SH,18.3513,19.0542,18.1472,19.0013,66981.93,0,35.248114124330584,50.710676258824535,4.3229898553426835,35.91823802502714,46.3658460070242,53.5853692727071,1272743.746509,0.034208185755711565,0.0477335761237389
2010-11-16,600685.SH,19.1298,19.1449,17.9129,18.0263,51076.06,1,24.54063911118546,41.98733054294484,-10.352743752333296,26.835283426857828,39.22406889172561,48.629150967803284,920712.3803779999,-0.061216112014112735,0.06834458541131565
2010-11-17,600685.SH,17.8751,18.4269,17.7466,17.9432,48340.33,2,18.08757820582997,34.02074643057322,-13.778758243656526,26.158723423970244,38.670247125492715,48.23239556827809,867380.2092560001,0.0037953096437648333,0.03791408444424623
2010-11-18,600685.SH,18.2153,18.442,17.9583,18.2757,29798.07,3,17.278496364611996,28.439996408586143,-5.044503723336298,34.132158078233104,42.230610633252454,49.93773443385432,544580.587899,0.0033049349682913016,0.026466838479510986
2010-11-19,600685.SH,18.3589,18.7065,17.9129,18.6914,39055.27,4,21.511171360700587,26.130388059290958,12.272737963519845,43.315125680434434,46.46904130156694,52.00055119929687,729997.673678,0.017788929668189814,0.042458028826091024
2010-11-22,600685.SH,18.4344,18.7594,18.2908,18.4798,40873.94,0,22.285647950889008,24.84880802315697,17.15932780635309,39.91595460531132,44.64995810606541,50.88683474743149,755342.236412,0.002456736544767842,0.02535741728806581
2010-11-23,600685.SH,18.4344,18.4722,17.3309,17.5804,58822.26,1,17.238801049993675,22.312139032102536,7.092125085775955,28.505919812861094,37.79040027373107,46.47233210944129,1034118.8597040001,-0.048576824190575824,0.06491888694227668
2010-11-24,600685.SH,17.3839,18.3135,17.3083,18.1775,42412.14,2,20.888173470801405,21.837483845002158,18.9895527223999,41.76715285324862,44.019103826443946,49.506828243300006,770946.67485,0.043658368862604754,0.05529913354421687
2010-11-25,600685.SH,18.3286,18.8124,18.2153,18.7519,56074.41,3,40.12603702365742,27.933668237887243,64.51077459519777,52.03709329244612,49.34195807847058,52.22549056440162,1051501.728879,0.02257371253046345,0.03184210666652452
2010-11-26,600685.SH,18.7519,18.7519,18.1775,18.4722,41941.17,4,47.874870085175246,34.58073552031658,74.46313921489258,47.17552974060782,46.96955868792878,50.83475427966688,774745.680474,-0.015141672350883938,0.03109537575383553
2010-11-29,600685.SH,18.51,19.4246,18.2984,19.1449,73169.51,0,60.8444258253418,43.33529895532499,95.86267956537543,58.39390781280233,52.90998696469988,53.91465998718238,1400822.9519989998,0.033162878886805275,0.05882506568328906
2010-11-30,600685.SH,19.485,20.0217,18.3664,19.2885,107231.75,1,64.88913418207966,50.51991069757654,93.62758115108589,60.54055256597419,54.10716563159098,54.54888039164598,2068339.6098749998,-0.010187417373046133,0.08581797444072896
2010-12-01,600685.SH,19.2961,19.3339,18.8275,18.8879,37112.57,2,62.66435141388538,54.56805760301282,78.85693903563049,51.62407560935721,50.22150433090206,52.447791017522164,700978.5109029999,-0.02161171967238289,0.02681081538974684
2010-12-02,600685.SH,19.2583,19.2583,18.7821,18.8275,45828.11,3,60.43916639061366,56.525093865546424,68.26731144074813,50.284136247195946,49.63521149290804,52.13187515629406,862828.741025,-0.022881423449740954,0.025292789802151036
2010-12-03,600685.SH,18.8728,18.8955,18.1019,18.5025,34331.88,4,54.963178812385735,56.00445551449286,52.88062540817148,43.06642722486199,46.452008381990765,50.42645080525682,635225.6097,-0.020013511687609797,0.04289150114849333
2010-12-06,600685.SH,18.5554,18.5554,17.9885,18.1019,29316.66,0,46.39126542088094,52.80005881662221,33.573678629398415,35.52417278910842,42.76417949018414,48.39035184209156,530687.2476540001,-0.02505261878587321,0.03131715455283702
2010-12-07,600685.SH,18.0112,18.3437,17.7466,18.2606,25834.71,1,38.4583147873489,48.019477473531104,19.335989414984482,40.479539986872254,44.66279924721864,49.23764102932749,471757.305426,0.013657820663067007,0.03269881603014126
2010-12-08,600685.SH,18.2153,18.6687,18.1472,18.3437,23650.91,2,34.38720993148942,43.47538829285054,16.21085320876719,43.221542520368345,45.69187547485349,49.68894761433679,433845.19776699995,0.006999678363688852,0.028429379023861036
2010-12-09,600685.SH,18.253,18.253,17.7089,17.7315,27550.8,3,23.250530130735836,36.73376890547897,-3.7159474187504316,30.71319134606651,39.75089490477696,46.51021547394132,488517.0102,-0.029410935341059673,0.030685503200518865
2010-12-10,600685.SH,17.6711,18.2077,17.5048,18.117,22896.32,4,23.608210970121736,32.35858292702656,6.107467056312089,43.14609119168188,44.69098312258129,48.66794616201296,414812.62944,0.024612242645029626,0.03879781420765025
2010-12-13,600685.SH,18.3664,19.349,18.3664,19.1222,73729.93,0,44.972802180204056,36.563322678085726,61.79176118444073,63.58963716698983,55.151412893244306,53.74483998553909,1409878.4674459998,0.03952474087709577,0.05138530085450427
2010-12-14,600685.SH,19.0467,19.5001,18.9031,19.349,76237.27,1,60.79093609654728,44.6391938175729,93.09442065449602,66.81995114184835,57.14631194655169,54.7973999140198,1475114.93723,0.01562354643650829,0.03085430771616111
2010-12-15,600685.SH,19.281,19.4926,18.9786,19.2205,46499.64,2,69.18964726889551,52.8226783013471,101.92358520399235,63.018667564057196,55.617232086003234,54.0699780988332,893746.33062,-0.003147680861579956,0.026742280377721667
2010-12-16,600685.SH,19.1222,19.3792,19.0467,19.1147,30490.22,3,73.02130112284775,59.55555257518065,99.95279821818194,59.66509112355235,54.31193802581581,53.46026791943384,582811.408234,-0.0003923681773713574,0.017394989196796162
2010-12-17,600685.SH,19.1978,19.281,19.0467,19.1676,21537.69,4,76.4594804892892,65.19019521321682,98.99805104143397,60.913110574703566,54.88941676243082,53.73247345016614,412825.82684399997,-0.0015755754502389798,0.01222375258248281
2010-12-20,600685.SH,19.2885,19.9536,18.3664,19.4624,88631.11,0,77.62005222208735,69.33348088284033,94.1931949005814,67.61423251328736,58.10841281860106,55.25434889917516,1724974.115264,0.008935177573166708,0.08155212101282489
2010-12-21,600685.SH,19.1222,19.5001,18.9106,19.4472,49738.23,1,78.18686264876604,72.2846081381489,89.99137167000032,66.90454140573186,57.876114514431556,55.15673741597936,967269.306456,0.01671191739684887,0.030312847093669066
2010-12-22,600685.SH,19.4246,19.7269,19.3339,19.5757,62416.12,2,80.31389231577324,74.961036197357,91.01960455260573,70.08944637329955,59.37393539811131,55.844848839090965,1221839.240284,0.007718753352370518,0.0200759104399843
2010-12-23,600685.SH,19.3339,19.8705,19.3112,19.4321,52686.59,3,75.92372726965523,75.28193322145641,77.20731536605288,62.078205539872435,56.907112990333104,54.86315278705442,1023811.0855389999,0.0050534939610231795,0.028782272631367706
2010-12-24,600685.SH,19.2356,19.3943,18.5554,18.631,44512.33,4,56.17277382493146,68.91221342261477,30.693894629564852,35.168303574948624,45.42212912464661,49.77010044532664,829309.2202300001,-0.03245129085932056,0.04502710536203115
